Q001	0	0EaaJIVa4ba41vIwywnDSk	0
Q001	0	0WKqlUwMcxvJj8HS5Kah7Q	0
Q001	0	0Z8r8pxVlfGhPsIpIS9iuQ	0
Q001	0	0aASUtDb1N96NJDwmWj5Gf	2
Q001	0	0rnFlWFOfTRmVQVm28DK09	0
Q001	0	1b81VVDS5eo8pM4KQNz5ht	0
Q001	0	1uq4q0E2gnjj9aMtUwgH79	0
Q001	0	254JaESam5mifhztU0ZYLu	0
Q001	0	2E1oY9rvHV5kW1B6UDilVM	0
Q001	0	2IFYyOF3k44NTRtLrFqbJC	0
Q001	0	2NCz6ejDaRrIcCKrcdIeN5	0
Q001	0	2Xne8MTyHbdCS5JC3pzFzy	0
Q001	0	35IN0nKkbuQh4DMxIv4R1E	0
Q001	0	3OGCwZYxjNuwiQF2596Rfe	1
Q001	0	3edcczAZsUhCoJqIrbEIf1	0
Q001	0	4D5QLMjOP8bxl45X1T3878	0
Q001	0	4Ke9IKrXZkUzkfZWEJD80x	0
Q001	0	4L3yuvS8NGf9aMJgBUdC3L	0
Q001	0	4OlpR5EwULijrATzM9VG3F	0
Q001	0	4v6jsg565K1368alKNWEmE	0
Q001	0	4xbuKwtdpmkBaCiSWyxHEe	0
Q001	0	59WWulo1LM0njpIkcduCMn	0
Q001	0	5DVf59dCoK2ch5O3gHZ7My	0
Q001	0	5oMrBl6Xl0BUXDwUfyMGM1	0
Q001	0	6KdFJEdLBQJXfpnP8iRiMA	0
Q001	0	6nN2sEXORqevqEuJI06kFW	0
Q001	0	6nvkj9zYRUk4Vmx1hHBC34	0
Q001	0	6wnCBT8ip4i9HRhM3HVk6d	0
Q001	0	7409ELyKbX3155QzCWUFDJ	0
Q001	0	7780NkTR99EOyx8qkPx6NZ	0
Q001	0	7BbYvCWtaJ9CPNGBwnJjiE	0
Q001	0	7jbAkl1eWMlgfSgi6XGbyI	0
Q001	0	7qLMTz166ng0DHlE0NeZLe	0
Q001	0	7r1VxuU92S2GKWvEX6ivqF	0
Q001	0	7rNV6LGjOGm5muGYX7Z0Gw	0
Q002	0	07TsgfuIWgAd4Ds39uwtaH	0
Q002	0	0rFYlonvFauCaKTphNG3ou	0
Q002	0	0sK1yCRrqXAY4JLe3Nd8qN	0
Q002	0	1BT34SIR55hjDG8mFkZO3A	0
Q002	0	1C9gcXH4aJVwz7dr4JNnOG	0
Q002	0	1ILIIkMp9moWcLNgPk8lZ3	1
Q002	0	1LxyVVKYZA03M2Ve19KHgt	0
Q002	0	1OzgUxJU20lX5m7oqOM0oH	0
Q002	0	212C6IYOKvgi2G9a1mAPd2	0
Q002	0	22jk17SadBBDhudCNgIsA9	0
Q002	0	2V5gqlJ7uvVqvX2y4KPhI1	0
Q002	0	2Zs4Hnep9RRw8t8rkRT0Th	0
Q002	0	2c8UiaOBa5eWB5eVIMpAna	0
Q002	0	2tiBayrPNhmn8yGRvwPHIr	0
Q002	0	3N6e3PlSnxZqTdL0ZooeUH	0
Q002	0	3wm94igNrbB7TVsblXO1FO	0
Q002	0	4nlpCOaAgkifrxNhE0E9T3	0
Q002	0	4qR2qFXGphq6VW5IJIoHI1	0
Q002	0	4y956Vqc68NtoH6Xpy91X2	0
Q002	0	5EGA97O4NOTKjjUbgjw458	0
Q002	0	5FlnzOKoJlL7R5m4nQ3o0u	0
Q002	0	5IkrZ21dURlZlvqRxdmxDX	0
Q002	0	5aH9yQIcGLtxjDBUhMRkSi	0
Q002	0	5bkQg34pw8HgHEWIHVrR9a	0
Q002	0	5svioJ5BlJIYfQFPT1eq7v	0
Q002	0	6e9fHNVdC1Gdi9osB0TOKB	0
Q002	0	6m8AgjfI28ER6odzMxmHtR	2
Q002	0	6rLTXvPlZvwhI2szDxVe6a	0
Q002	0	708z8vStwJfU0jkmUgmJlS	0
Q002	0	73WrK4aktUwktIyRyuFYN4	0
Q002	0	7c5QNVzcUlriR0uuSJWl8r	0
Q002	0	7wsNpMVQChIYGYunYVBHN8	0
Q003	0	0A8K5i1KBtY3ztMETimVCK	1
Q003	0	0E3eVkytiq8IxSbprF8XeX	0
Q003	0	0Rq7EzwIvsVqPPUNM3M4as	0
Q003	0	0t9X7I69027UILQB4WYCai	0
Q003	0	1Q2ccC142Hvgawum66DWdX	1
Q003	0	1RQvDtxYOHbPyx8DaUlzRi	1
Q003	0	1fKfmUmoo0NgIzFXxYh5XJ	0
Q003	0	1hCcK9dbABc1gj2FTpaDv7	0
Q003	0	1mSxbLW7fKABfeY4lGpg0E	2
Q003	0	1tRRWHwALkD7pAuN6Qklxs	0
Q003	0	2AW1lzHTtf1lEbAalkaGXI	0
Q003	0	2VINu2QXo0jf2XPCDlMcCk	0
Q003	0	2aCHISDYlq4nbKyi195Tac	0
Q003	0	2mGLhWWDAy7EnDz8wW3xdY	0
Q003	0	3HVbfel1UyI3CPirCfnSWe	1
Q003	0	3wV6D9WnDhCBLIsvX4kUKv	0
Q003	0	465gjLilD48XotI5uBBR0t	0
Q003	0	58XVrcXlaUHLdSCLcf6l7m	0
Q003	0	5Id2yVkkD8FzTzngwWW5bq	0
Q003	0	6nkj7xtLu1SOmuHCOdW2UM	0
Q003	0	7CuNThg1DPo5mde6vhUIKh	0
Q003	0	7bw63nCkg54KossvIc9dkh	0
Q003	0	7qxBghENGAGrX0uQnaVfvw	0
Q004	0	0S7o4sti5I5CAbbotTUzTM	1
Q004	0	0fgKBJSPpgi10j7YEQoG5V	0
Q004	0	0wmDmAILuW9e2aRttkl4aC	0
Q004	0	16FUfRUiNf4bXmYFYvH7bg	0
Q004	0	1kjRfTPXU0rkHXhYR7usye	0
Q004	0	26l5FAEVr9cfaILS0szvvt	2
Q004	0	2DRkwBcSOhTzBSyWBvh4UP	0
Q004	0	2rfycexHz5gcC6vt4NKCEA	0
Q004	0	2uITTxs2bD6mQxJih9aKNX	1
Q004	0	3AWW6LEwnoxmYyXBg2tChb	0
Q004	0	3Ob98mJElVwt9PwhuFqtIP	0
Q004	0	3fOfjuBjrUFCAw7hnsNahj	0
Q004	0	4DeR3dj7UTly8Wht0TTeia	0
Q004	0	50gPsfGHy5OnPauA9455DM	0
Q004	0	5UkPXcjOh5CdwUTCl2BK2w	0
Q004	0	5gyncqgMMNrKFeflBb0XBy	0
Q004	0	5ij37B7IEKa14RMkOGrHAV	0
Q004	0	5lEoUWZoMrBn6ttpGEHh6g	0
Q004	0	5qagKaDt7e5bVrQGWbQ7nY	0
Q004	0	6REqUiF7dn50gTxy46LIPF	0
Q004	0	6Ujs35aawDLfAD1S8Q7zbe	0
Q004	0	6W196uVRkmQFHbc1XV8DNk	0
Q004	0	6cg2TZNtoXwfnghPleWlvb	1
Q004	0	6nYfD30C0AVfUXUiJjXkET	0
Q004	0	73JPdTnb4dCuZf33K3xlG0	1
Q005	0	0EaaJIVa4ba41vIwywnDSk	0
Q005	0	1Cn42z1q8r9hGECUFHBzQo	0
Q005	0	1Mq3sx9w4o26tUt4ThimhY	0
Q005	0	1nfmWCX9oXKPbyqcer5uzN	0
Q005	0	1oTNPAVidhGOkRslfSUtO7	0
Q005	0	1seqQVkGMQJZ2tStdvXYSz	0
Q005	0	2I6Zlj8JDfuJyU5wq0xRwv	0
Q005	0	2Li8tWQBprZEjyDVQaSpTC	0
Q005	0	2PD5MtZK2es46ZmjgSunUA	0
Q005	0	2RAhCiidTOe53OIfKDAY7w	0
Q005	0	2kvjmjpnPyD3Pt7OYbBYac	0
Q005	0	2n4kHDiB1JF7JKucWKwK4v	0
Q005	0	2yeI0FRWd1sqGpHEUc5DFm	2
Q005	0	3mPx9Pm1ksYgCDFLCAmhcE	0
Q005	0	4K1oy8JNxgOMcZF5Ea1w5O	0
Q005	0	4rbP3olHQ91T0KaL0pmz7T	0
Q005	0	5H5iBVWoHacLXdumAtzTzS	0
Q005	0	5IAx5ePf9QztrT7MqdCyDT	0
Q005	0	5JwGMUcRG3i6cCYxDxngqo	0
Q005	0	5PTFo3HeZZIu7mrMHgaK0G	0
Q005	0	6G7LOwUgmE7kcMFY9hqWDV	0
Q005	0	6IWGKbVT2hgx5WnmQ0MtZW	0
Q005	0	6mLAQvr7hVVaTLsTTEHAzH	0
Q005	0	6meRPiVc7RBKznQxMqUxE2	0
Q005	0	6qpoANYflgH5MDbd5J13jr	0
Q005	0	6xOUGzMIalXyo3ZzFsvXi1	0
Q005	0	7oe0KG1ZEDkoM9gKD05HxU	0
Q006	0	00An04LOF36saBLHZpBRLH	0
Q006	0	0QIhk7cOGydoKNt1BZwRzN	0
Q006	0	0r9IFxH4QcwhYb58I7MjFa	0
Q006	0	0veKBFTHsuW69fgslTVlwt	0
Q006	0	0wEIEyXiEWXuhEGiuYoN2D	0
Q006	0	19qLXa8L4asWWbHb1ZQbSr	0
Q006	0	1CHWJDWQXMAfzIgSLqWQvR	0
Q006	0	1DsKjqfpL3EDoT6zYthVzm	0
Q006	0	1m9pGlp2f2GVMZB2rSu6Cj	0
Q006	0	25GTbrGcROnfxQH69GsD7A	0
Q006	0	2xR7kLS3UaCgrNwvb3AdUf	0
Q006	0	3l4K8pMXn8ieca06dtW7jy	0
Q006	0	4EZ3cMu8t86YpdyI3a3gQu	0
Q006	0	4LfJrqJrH6unujVngeUd82	0
Q006	0	4SJyLviu2l3JGreqdcTfYY	0
Q006	0	4a5pPdpafKS8G8aEYRs3v1	0
Q006	0	4al8droFIoRwkfpCB1GwNJ	0
Q006	0	4lQvKqzgMgwdsNnSGLkzlP	0
Q006	0	5QOPKg8YWh3bF1hWjOTDwm	0
Q006	0	5nEqDoo9cdpDwmrdsJGC6i	0
Q006	0	5yEais1zgeW1MjLrx7tsie	2
Q006	0	6hJkTyrjoHdndSHprRDnH0	0
Q006	0	6w0z1xJrJZoAwx76tuP3JW	0
Q006	0	7MyHyonsFUMRfM8BIJF6bI	0
Q006	0	7buqRDDmQjIdJdJ2lrWkCo	0
Q006	0	7iIogwst0voKDepsikNpud	0
Q007	0	0wUQsbVQdcr0zIB0sTEOfW	0
Q007	0	1wbdfPmid2Dm1nEPkwUwEn	0
Q007	0	1zZJUt065dFELXij7LP5Ai	0
Q007	0	2AkqQ7N0Imi1UTaZlOFrL1	0
Q007	0	2UDG7xlSeJ51V5PJpJGcup	0
Q007	0	2mMk8I7rDNxJHCgvM7UPns	1
Q007	0	2xfmt2BE9qZJgFpunLdv96	0
Q007	0	3FBLqXJ0Fvj4SrM8U9GuWH	0
Q007	0	3UTkKMrVfiUmbS7VodfPQR	0
Q007	0	3uvIGr9bzE2KSbWoauU2o0	0
Q007	0	3vKmAe0pbwkW3HB7qZ1uro	0
Q007	0	4QVDdKdW05TPMIxKYCV2kM	0
Q007	0	4Wwm8sCBEBuVYie9jiFvx9	0
Q007	0	4rUaZD510mrT7oBQSh1i3i	0
Q007	0	4yszz0U132HJsSkvZKGTNA	1
Q007	0	51wZeWdtnIHtnvnAlXlonu	0
Q007	0	521lqyNjLsGLLEfe5uu0Io	0
Q007	0	54F9JdVp2GI1IgTeOQC7sP	0
Q007	0	5Bfjmnx2NCCc3FAwTVV6HX	0
Q007	0	5OVXvbuXTWNegFkEVdAeFt	0
Q007	0	5mEZcywIvEBEx1gp0q9fMj	0
Q007	0	6GKvhudntpdfdRN0ByqtqE	0
Q007	0	6RSK67IoYrKfxX9bXR0mN8	0
Q007	0	6jbbpIvIJ5n2e11yPNNgKS	0
Q007	0	7ATfTQCF4OGSY91yKk42km	2
Q007	0	7q0kFgufJcYdoeG0nvW3sk	0
Q007	0	7roBdSNPAnwycHCv66dwXM	0
Q008	0	21KbWPoY3MTpI5byU6d0dl	2
Q008	0	285PPUnzsAxDy4ghC3vpQd	0
Q008	0	2BzMlJTBBW84GJi9XaqXFb	0
Q008	0	30DrIi20MfKnAbLcIfQJ4b	0
Q008	0	39W953OaTIFMNGDkH4SY4u	0
Q008	0	3FB06ULqN0WNUSQ3UaMZnF	0
Q008	0	46CgcTxpQ7Q8PChX4ILHeZ	0
Q008	0	4Q2yHhMfRmEQngee4IaZQ9	0
Q008	0	4fqPxEG8EMk79Kp6dJc3Ax	0
Q008	0	4nFHE52xp9gnkFPy9ICkGe	0
Q008	0	4xwPOyN9VgaTPehdsLiYul	0
Q008	0	4yXtr9EDjYlOgMlrVLx9cA	0
Q008	0	59EohlfMvYOO1aVm8F91ZR	1
Q008	0	5Czrq7Lu20fCjNVQEBzx8g	0
Q008	0	5XdpEEcIaC9YP0691LP53j	0
Q008	0	5fOiuwVXpSvLeJaYzIG8rz	0
Q008	0	5wrbcCXgHFSw89V7lH6zEs	0
Q008	0	69PsG4N3XyziWbc1shW9Ma	0
Q008	0	6K1R5t7GjbvbRyoN1xLYBA	0
Q008	0	6cJpYVNNuhSOPdZqMKlkbL	0
Q008	0	70maGr0lQYDj0tcpcA2ORM	0
Q008	0	76Biz5i2AMkDrn8kysLtqC	0
Q008	0	7F0JCdobSgSgMLnEKAeBMa	0
Q008	0	7JGjgJOUPjyc35carv8hoh	0
Q008	0	7M1YydD0jJ9teSC62fhfY9	0
Q008	0	7ijdmEGyZkTa1jN8AmBnJ9	0
Q008	0	7lW01eAHkH68sOoEnkjELT	0
Q008	0	7z70ErMWvhYkQUNSEZSIzc	0
Q009	0	0croxrAHihVLdCAG2OooQg	0
Q009	0	14yYhcL47qDskt4PIhH4tz	0
Q009	0	1xd17oTRJ5sFIHySHLnad9	0
Q009	0	2GCcg2IJhEZkOuU6uVxrRu	0
Q009	0	2OdrzlIu1hxjbDeWaVYAhb	0
Q009	0	2QkXuBmYljpYwgcyqbA1C2	0
Q009	0	2RgHjJ4VzGtwcF0KFFS4ci	0
Q009	0	2g9fVupIy2qbQwabYzVnUv	0
Q009	0	2sXlC1ur2qSuq7Fee3WzBw	0
Q009	0	38ywlpKe3tmlSRVQj8wyDI	0
Q009	0	3A5wYM0CpgLSSyfktLd0Os	0
Q009	0	3CTil5XNg4xeZqpgZbebfe	0
Q009	0	3mNRHpq0tnBMjMyWReWuct	0
Q009	0	4LWJNyTWXFo1sLNX4tb4dQ	0
Q009	0	4dKGMpM96VMkBeSwxx96IK	0
Q009	0	4iw76dSWUXEH8WyJiAj41c	0
Q009	0	5QLKWX0W2fcPqeuwG5pg2O	0
Q009	0	68LEUvbkkxw78MUrDWgMzk	0
Q009	0	6Cm7oP270gPW8kaeEd6Qsq	0
Q009	0	6ZdPLdj9OFQaHO25TVGTVN	0
Q009	0	6dTYfO873a7XYeATS0gyPe	0
Q009	0	6fP2IJGSEvzIFEGJDNWvf4	2
Q009	0	7F7YRvMesfE5e1BSwX1rm0	0
Q009	0	7MA8OGovmQMOrd2rnkOTq4	0
Q009	0	7m9Yjd7dma1RPkKydzIooO	0
Q009	0	7mjwBFnLBOOxeOjxn8IJDq	0
Q009	0	7mxc62bNhe6eZ7h0RJASav	0
Q009	0	7nE1e60VdkncBBxQkqGxRY	0
Q009	0	7qRVwCZQ46l0dSKz7hhqA2	0
Q009	0	7rSSnck3DsJ4ydfv8YGMAh	0
Q009	0	7xIoYG2DgfZ92SkIzHZzXm	0
Q010	0	054qRsvGvZesqaCo4wgOqu	0
Q010	0	0Qb4PQWf2GkpKKy3lU4YOC	0
Q010	0	0R6kKyjeO6fbHHsxGh9vth	0
Q010	0	0kIhdc2rN4TCBzvZ1MtVmz	0
Q010	0	0n4CDLvr9jiY77n8NXaI8z	0
Q010	0	0snN8Qal0wAozHXKqOvR8c	0
Q010	0	1YlfGwNizEKy299l1PVggn	0
Q010	0	1nvDNQ2ZupfKmCDTfdQwnm	0
Q010	0	1o1BHD6yocMQFhyfEjmy4O	0
Q010	0	1tfvAtjN6xWsqt5OYx6tra	0
Q010	0	2AKnTIqeNvuMS9YCWHRMQk	0
Q010	0	2CU2o0jyWO8xq0TiJPXZ6y	0
Q010	0	2Kz1v8LZbb1B3eMVcKvcCT	0
Q010	0	2RxShVcFoskjTSi7GlmfnY	1
Q010	0	2YnuQrAfllpWxtRjh8TZ0V	0
Q010	0	2nNxtJ8Ce702sXXbVBwvW6	0
Q010	0	2rGNq5NvocvpBIQQ8Gckti	0
Q010	0	2sC9NcBWmZX2gt3gM0ZEmo	2
Q010	0	2slm7MdO1YzipehYjgX0wd	0
Q010	0	3CSae8JgTJA314kfZbvp1U	0
Q010	0	3KGhsUSYP9C9xYAtcXdODq	0
Q010	0	3RVa7XF0m3kzUuLrpsiKXF	0
Q010	0	4TL1jHZo6CCa43qqLIAcob	0
Q010	0	68IRmXtUodEv8yYiu3Wzi9	0
Q010	0	6Bjodqpu1TWVoRFFQ5DtNa	0
Q010	0	6GGKMw9KF9sItINbIIUmCZ	1
Q010	0	6JCVqYupccBs9rIQZSjv0G	0
Q010	0	6mTdYJgRwYXvMiz4RLDYSA	0
Q010	0	7vjXPjtvm9IjoPKGVyfg10	0
Q011	0	0QkcBA3DzmzsHAspxqcvZ2	0
Q011	0	0T5oFIUY2wDXQ7yRd9epfP	0
Q011	0	0uaVr4TJNoD7x3IQ0Z1cRP	0
Q011	0	1Oi1UYve37spxTonaUOIvv	0
Q011	0	1UQhXpOKXJeNu1HNolwbZy	0
Q011	0	1V4w1r581guHl3PiXMXKtX	0
Q011	0	1a9EpRPeL0skl8DlIt9idJ	0
Q011	0	1h6fMpsVMSntTCmtmTCk4h	0
Q011	0	1iwJPQJet72W5EQbZsRJ3q	0
Q011	0	2Fcwc8r2CVyrgXC53ZP4Gw	0
Q011	0	2OhLTLXjssNmaUHLWvJltg	0
Q011	0	2WViLEKp7hWDJQbowxqzba	0
Q011	0	2c0x0hg7DlzlPk6XLXhNgH	0
Q011	0	2fouwOFRsS5LmrCJVLe40X	0
Q011	0	2kiIYpBxtvAYtEmmBNskhM	0
Q011	0	2oiuRsVJjo0dYlhmScMrq5	0
Q011	0	32om6EOATJqbfWxCNMSrVj	0
Q011	0	3NQ9kBo6RYwjr867eDOENU	0
Q011	0	3QKnqQWcJelkdBi8k7WbVC	0
Q011	0	3VDsI7iTYPUs4Yj1i3xLZh	0
Q011	0	3WYEZgK2Ux2Qvm3HK96cDG	0
Q011	0	3XkzApmBofoR6p9eE4I6pI	0
Q011	0	3tHfEsbQsvAdGQ2CUFeEx0	0
Q011	0	3vmRdEFouRpEn2NTkGX7I1	0
Q011	0	4OGftPSgYyOPvge6FDFEpQ	0
Q011	0	4oDTYI0AbGE9PsFochxAnH	0
Q011	0	5niYBuEDe07PWTkAWC1HnZ	0
Q011	0	5wV5dO1GOI4srs4Um5cJXo	2
Q011	0	6EoRQrPBbmb3kkLviBfMfy	0
Q011	0	6QWAEJf3F8sX0P8jVMpFsr	0
Q011	0	6qD3QC52dZuDbTFIZNcgT9	0
Q011	0	6w0z1xJrJZoAwx76tuP3JW	0
Q011	0	78cr0qeJPJbyBUFlbm8OsW	0
Q011	0	7G8wK7gpslFGfxiMOZYo3w	0
Q011	0	7qf701WulCuPiFKxNGFMW4	1
Q012	0	0gYM73o8NGUW1FV9GUsXIq	0
Q012	0	1D66ipwf1qjmsbb0C9e2VF	0
Q012	0	1OxoKU6Idc16ZdDmS5x30i	0
Q012	0	1RxAzmAuN6KldKrMeVKkf2	0
Q012	0	1pbIvPIGVgzDvjHU02WYQz	0
Q012	0	1wbdfPmid2Dm1nEPkwUwEn	0
Q012	0	27653ZiyisDWx0K25dH2Sa	0
Q012	0	2OBD0zVk2mquJuWzggAuyt	0
Q012	0	2QcEm9MaQ0JT6Lzd27Upv5	0
Q012	0	2RRAO7Xmq7BI8B82T0oQMj	0
Q012	0	3FBLqXJ0Fvj4SrM8U9GuWH	0
Q012	0	3UTkKMrVfiUmbS7VodfPQR	0
Q012	0	3gLoJCDfq2kipxsbnXPquA	0
Q012	0	4QVDdKdW05TPMIxKYCV2kM	0
Q012	0	4RzFPIpnYo7vf0kQI8Gdg1	2
Q012	0	4jbgSB5zOR3Vkn0V5SauFO	0
Q012	0	53hUUY6ebfxKW5RLsS7Bd0	0
Q012	0	5FH26NecXbd0RnUf0tMEQA	0
Q012	0	5WsRFQT2BQsGqJXBOKbAf9	0
Q012	0	5mEZcywIvEBEx1gp0q9fMj	0
Q012	0	62aQFew50XwCtywnokN858	0
Q012	0	6GKvhudntpdfdRN0ByqtqE	0
Q012	0	6RSK67IoYrKfxX9bXR0mN8	0
Q012	0	6r82mJugUyDe1fI8waZDtZ	0
Q012	0	7IVDiYMJj8Jksg42qzXKiB	0
Q012	0	7N0Py2msno86enR6JPNlpV	0
Q012	0	7q0kFgufJcYdoeG0nvW3sk	0
Q012	0	7roBdSNPAnwycHCv66dwXM	0
Q013	0	06QvDtiV8xsvPjpmlv9jpR	1
Q013	0	0GYETuY9RhlIKdFiYtbFxX	0
Q013	0	0QYrRdId8jIr03EsZbtOox	0
Q013	0	0TJOp2n5mKYDGoaySmi5QT	0
Q013	0	0Uwp58XxP4JiaXDR0FhZzu	0
Q013	0	13JOBGfXB8KZGqVbho2bjJ	0
Q013	0	1BtpSRFBPXnuz3XhrcuGIy	0
Q013	0	24Q6VbdUcarEUAlJtqeMuV	0
Q013	0	2Qgo5mqa6iKOi3Q2DYzKS1	0
Q013	0	2UeJXZ4W2gQw94Jcm2BlQ9	2
Q013	0	2XlFBuim68cXb9Xp7LmERL	0
Q013	0	2p4HrFBysRGIm1LwZq0leJ	0
Q013	0	37WIRuJlcBh1y95uS7wXQp	0
Q013	0	3VIir5kqTFoEcncdmlmnc6	0
Q013	0	407XSWc8UYwjp9BfGyMIcZ	0
Q013	0	43FIgntuM8kuq1im3sIDvt	0
Q013	0	4gFiMeIv6jYYYvsFT06j2u	0
Q013	0	4oIu0drFGyIZTQAFL73lLM	0
Q013	0	4yXujiRu5pBHtanqTFVPKG	0
Q013	0	52SZqPgS9L8uUNZeGSsU7o	0
Q013	0	5RBW30fFFVav2n0IqFj0fY	0
Q013	0	5SihYD72c3ALdJ6Vpo9MX8	0
Q013	0	64R6X0CQM5Nbbc7NtzQdfw	0
Q013	0	6ChLcBlcRDrV9TReEGivED	0
Q013	0	6Q4foUefrAyCt8VxJFML56	0
Q013	0	6sVNmXon0kGK5aBH3ip5Dz	0
Q014	0	07rQ8lzvuSQCb7mShL9zLB	0
Q014	0	0vmQzhON4VUUryyZ6eMiqa	0
Q014	0	1lCwNTcAWUyeA210RpLCzd	0
Q014	0	1rUdWvPgI1qo6EhQlUEymM	0
Q014	0	2MitriRScA3ZKpVd1lXAbm	0
Q014	0	2SALaYohHQpHb0c2p0mNzJ	0
Q014	0	2w9IefuPj1MPI3VHp0bBwz	0
Q014	0	3bd1xo5hOXsjyQZaOZsTzd	0
Q014	0	3dYjFvyv4rrjq4o83qyE9e	0
Q014	0	4B5EmX29g6dBK4qnEcX2ET	0
Q014	0	4a5GPCo8oX4vvaRkciKlih	2
Q014	0	4ij4kSH4hf3qvg1JfT4xKT	0
Q014	0	5EMdMjFDucmNsD80Y0mjEI	0
Q014	0	5JWZoYOaOxAJWpVtpYvZSH	0
Q014	0	5P72Aj6wVhjPTuonFHzh4e	0
Q014	0	5crrbCdEGQfxRR7no2ENCh	0
Q014	0	5haTRH0Ph26PTZF2v8UYbO	0
Q014	0	5m8SPVnZM2s77X7xatAb77	0
Q014	0	5u9pWMnzlfOKiHHiPPBaD9	0
Q014	0	67gLKHTj5FsGwbUCcGQZFm	1
Q014	0	6C1zL1nBK9fVF40mD9fvNd	0
Q014	0	6GeKQIC7jokgXjh5E7gCAA	0
Q014	0	70RieMWxkBjrOqDMWPmFbp	0
Q014	0	7oI40EwoWgUTpE28SCStdS	0
Q014	0	7uzD9wINAq2IHwYQ3yd6wt	0
Q015	0	05TOSbi92TkQn2rdGe7obT	0
Q015	0	0VHkTxEsIg0Jsa71est8gk	0
Q015	0	0X7C215Zu56Tfh3QpI90Tx	0
Q015	0	0dZXp7d6kc2aX2RkUE68wc	0
Q015	0	1UOy6WRFEGOrqyoELhUWU7	0
Q015	0	2YgeBn80B7K2RGgeVdsJbX	0
Q015	0	2wvusyy4XF3Y8aAkThOf5l	0
Q015	0	3AVTTnrOzQHa50CZDsMEdQ	0
Q015	0	3GNET4oOksljleobvXJvzN	0
Q015	0	3GZyhpfVcfCkQ3pIimAij8	0
Q015	0	3p94RH63q09lcMmhyT2VSl	0
Q015	0	3s0Kt2FoIrGshGMhdexOsX	0
Q015	0	3vddabBsXcvoerPkIlDHDF	1
Q015	0	4BTZPmu3H7JZ5myyIN1ghn	0
Q015	0	4Ha6W6v9DSTecYYtovtvg7	0
Q015	0	4UtEoJIvbN0k2kA8DqvLv3	0
Q015	0	4nOwVQXqBtR9jx9yfGZlTY	0
Q015	0	5H6ZXUmBFYPsIOxrjJL42h	0
Q015	0	5KSwgSw4PmmJWJC513qGOE	0
Q015	0	5pcicbO7gq4g3PCuRdYfkP	0
Q015	0	66073TiPtbCattnpSkyuKq	0
Q015	0	6FOPZi8FQJy967UU57tEJ0	0
Q015	0	6IVAwXIk6swes99Ze9dejM	0
Q015	0	6NNLRAS9xEo0FahcbQFkCX	0
Q015	0	6ffRgIrBnd38f89s0f7jZk	0
Q015	0	6ihu7vmZI0vqUE2H1vDcFW	0
Q015	0	6irpo7wsWj9cfvalF1kHcZ	0
Q015	0	70E9Lkot8OBYwqAk33ZZzi	0
Q015	0	726jL4DA03vptKr05so4Zu	2
Q015	0	74DLpqdhv88VKbk2x6jUZl	0
Q015	0	7o5VPajBu55TxEjCQs05uw	0
Q016	0	03Y4IGnmPxMDonh9IPHesA	0
Q016	0	0XyLVckYFmMpDjwqnMYrJn	0
Q016	0	0ZPquQV2aKmDfwPjvMdvRp	1
Q016	0	0aASUtDb1N96NJDwmWj5Gf	2
Q016	0	0gSscjszQIv1eiJecgzIW9	0
Q016	0	0r1xadCuElAPZjxG39N3FZ	0
Q016	0	0tbdTDnkRHOP2A8k3e1iOY	0
Q016	0	14IzkK3IZfcIMWnriKclKo	1
Q016	0	15CoBMXezZjfJuFpvuhYK3	0
Q016	0	1BMkurQozHjdS39qHMWAyF	0
Q016	0	1FLams3rgLwEzc2gW7Yciq	1
Q016	0	1LEbJyI1OILjEyM3awU5Zy	0
Q016	0	1iw7haPRnVDq1z3ghNHPed	0
Q016	0	1vjdt7jUxQohj0ds0r8qKM	0
Q016	0	2kkb4OYXBSBFLkNLwWhDRI	0
Q016	0	2wI3mXvnYhGeUyXHlLVQFF	0
Q016	0	2xbXGBWnBUB8UwaO7WCfUz	0
Q016	0	2z6ILnaMpkyZFsXY9x3A74	0
Q016	0	31cdEvT3JDsTu7lyzqxcZi	0
Q016	0	32DjVpUCtmxQ613NkVOzlL	0
Q016	0	37ANjQEK2apeBsU7aJF2Mm	0
Q016	0	3DeJRsFwGGsX0TC6k4aEWm	1
Q016	0	3LaXLx2jdmANGRdJpv3KAp	0
Q016	0	3OGCwZYxjNuwiQF2596Rfe	1
Q016	0	42yUlhx59y7G7EmMx5hKc0	1
Q016	0	450D51F9j97GfKw7Jms1fg	1
Q016	0	4BjDi8z6j6EQxJW07ZIxaE	0
Q016	0	4PCyzOTAB7zfJaxaS1uLSY	1
Q016	0	50PcUH5YjVBtD0BUJ1UUaX	0
Q016	0	525iKRpCJuNRyA5OTUNzla	0
Q016	0	59pdmjhh6hYpKtuwTZdaJj	0
Q016	0	5VGiW8DAeihJBsaRrBqf8C	1
Q016	0	65YQv0Ulsp2ZnL0Uv4l6Nu	0
Q016	0	6QqR2QsrqD5GmRfD2fdANx	0
Q016	0	6Zv4HVHfadVo3JQSSbwY7r	1
Q016	0	6kJmZqhB2Pf2442GOCAohB	1
Q016	0	6r1GqMZ4SH1GIMF7A6KLgt	0
Q016	0	6wP019AnQNzDWn6eGQ3XMe	0
Q016	0	6yr6a0Zu93bBe4XvF5XDqZ	1
Q016	0	7FBCJ3hhQhEINHtKtxTmKh	0
Q016	0	7LHGwdC5OJpb4v8nO0ie73	0
Q016	0	7gTGJvdmbruFOYQhdjyQrN	0
Q016	0	7kwjhB3KqfvjVrQPBawEmq	1
Q016	0	7syFZ7dwVgbCvMPTC0UXLC	1
Q016	0	7yKzBAt7CGkiUSUWSyhki1	0
Q017	0	0A8K5i1KBtY3ztMETimVCK	1
Q017	0	0E3eVkytiq8IxSbprF8XeX	0
Q017	0	0Rq7EzwIvsVqPPUNM3M4as	0
Q017	0	0pWG2AKckt7Rcy9JGr4oLq	1
Q017	0	0t9X7I69027UILQB4WYCai	0
Q017	0	1DLKuppSYytOuxhtI6KBGu	1
Q017	0	1Q2ccC142Hvgawum66DWdX	1
Q017	0	1RQvDtxYOHbPyx8DaUlzRi	1
Q017	0	1fKfmUmoo0NgIzFXxYh5XJ	0
Q017	0	1hCcK9dbABc1gj2FTpaDv7	0
Q017	0	1mSxbLW7fKABfeY4lGpg0E	2
Q017	0	1tRRWHwALkD7pAuN6Qklxs	0
Q017	0	1yUm0iWD3rDf8dViBRpSkt	1
Q017	0	2AW1lzHTtf1lEbAalkaGXI	0
Q017	0	2VINu2QXo0jf2XPCDlMcCk	0
Q017	0	2aCHISDYlq4nbKyi195Tac	0
Q017	0	2gRejnfVLVjmqaJNCsAvPO	1
Q017	0	2mGLhWWDAy7EnDz8wW3xdY	0
Q017	0	31tcBB5YOBbb0xWPvFCW9j	1
Q017	0	352FuGmGJClPjojSYjNrXG	1
Q017	0	3HVbfel1UyI3CPirCfnSWe	1
Q017	0	3Mk1rH7nyYNo46iK4RTYPJ	0
Q017	0	3wV6D9WnDhCBLIsvX4kUKv	0
Q017	0	465gjLilD48XotI5uBBR0t	0
Q017	0	58XVrcXlaUHLdSCLcf6l7m	0
Q017	0	5Id2yVkkD8FzTzngwWW5bq	0
Q017	0	5lLKJdDPy7qbsta6d88lKE	1
Q017	0	6f11at1kBnKQxzs9vocu9K	1
Q017	0	6nkj7xtLu1SOmuHCOdW2UM	0
Q017	0	7CuNThg1DPo5mde6vhUIKh	0
Q017	0	7bw63nCkg54KossvIc9dkh	0
Q017	0	7qxBghENGAGrX0uQnaVfvw	0
Q018	0	0m6nsyh12ocrPY4TOGoURD	0
Q018	0	0qKKEbGv5lR14ZAdqUKwvM	0
Q018	0	0sK1yCRrqXAY4JLe3Nd8qN	0
Q018	0	19gwT9Lv36zp3UCweLiZTE	0
Q018	0	1BT34SIR55hjDG8mFkZO3A	0
Q018	0	1ILIIkMp9moWcLNgPk8lZ3	1
Q018	0	1LxyVVKYZA03M2Ve19KHgt	0
Q018	0	1OzgUxJU20lX5m7oqOM0oH	0
Q018	0	1UoStZ6sK61Df4ixeASP08	0
Q018	0	1UpUrh85poGgna4yamzSjl	1
Q018	0	212C6IYOKvgi2G9a1mAPd2	0
Q018	0	2A5MjSnmQZnXXdQ63CWpT8	0
Q018	0	2BY1ZWSgHZHzJTQO4NcU1T	0
Q018	0	2igfCmo0TuciHyKMB8zWrr	1
Q018	0	2tR8iLdCeYhVcyPZvN6T7X	1
Q018	0	2vEjbBAGrX9Ygj5DzcWTCr	0
Q018	0	33UECsx4DcDRampb2ah316	1
Q018	0	3botbh1nMm1HYrhqQwVIkd	0
Q018	0	3gjvKuuUrTiSJLTWXrgSp3	0
Q018	0	3wm94igNrbB7TVsblXO1FO	0
Q018	0	3ytXzEJFeVydFfmUhHvti8	1
Q018	0	4nTrxp4aH0g2yLVPkFmljF	1
Q018	0	4nlpCOaAgkifrxNhE0E9T3	0
Q018	0	4pyKdlF4hSNgV1MmMDg2Gf	0
Q018	0	4qR2qFXGphq6VW5IJIoHI1	0
Q018	0	5EEsPmKPqHkpVogSfWCUoc	0
Q018	0	5EGA97O4NOTKjjUbgjw458	0
Q018	0	5FlnzOKoJlL7R5m4nQ3o0u	0
Q018	0	5wZUvwWGKaZ6NG8yckZcTM	1
Q018	0	63cu2niWEmBV2HAbWhMZGZ	1
Q018	0	63piuNbKgyASwtlj3kq4ye	1
Q018	0	6Wt61AZLG0bN2KasopE2sj	1
Q018	0	6m8AgjfI28ER6odzMxmHtR	2
Q018	0	6uNitskNYppKgkaQQgjKmZ	1
Q018	0	77ZXEJcwC7r4gfodNwERJz	1
Q018	0	7tuf5chBIR1Cj3gvRkClXv	0
Q018	0	7wglwZzZoWUr8sOECwpu6L	1
Q019	0	09TBjtXJmaF5tJhv12amgx	1
Q019	0	0Fd5qH2K7UsQh4MU3MB17m	0
Q019	0	0OKMKaXyDk28UYOBQfj39E	0
Q019	0	0asXoy7dl9blYrWdO1m7TJ	0
Q019	0	0lqth62FJY6QobobChvnzB	2
Q019	0	0m3ph9PX6TNUzoVY1NLbmV	0
Q019	0	0qrKFOIY8NfQ1QySE3T1Y9	0
Q019	0	1N2Szhl4iSMmT18resTXtT	0
Q019	0	1PodS7U7gaemMasmHUtLZi	0
Q019	0	1UoStZ6sK61Df4ixeASP08	0
Q019	0	1X95pCQG939KCbJL6yVQgw	1
Q019	0	1d7cmISALvOgs88d3ghiOa	1
Q019	0	1pLrdiKXZ1bdf7O6rR3teY	1
Q019	0	2dpCXTDWDm8N7tdKOKw8Gr	0
Q019	0	2jT4BeLP0YxXXleJijuPsq	0
Q019	0	2uydgEPODPYOpKmdJMBg2o	1
Q019	0	3KUfgAyzA23BgdqcpdpN9Q	0
Q019	0	3Yp3YtYXrJ1ndMcc0tpaus	0
Q019	0	44FeUDFwSftFSLxmBJiSJ9	0
Q019	0	49ElpbrTcjnaudz9IbjK4C	0
Q019	0	4FuJdJHuaiEImmvEPHbV5z	1
Q019	0	4Tt7a1AcmQsSMNDa3gx9Rt	0
Q019	0	4egsMEjcovgDwfWtCcqxX7	0
Q019	0	4kxhur680iGM5bnUZtqBGH	0
Q019	0	55o52oV9jNgEJDDrQsaky1	0
Q019	0	59bqvy4GXsmefPOomUWJKt	0
Q019	0	5PiltIld5uF2Y86edhZLJv	0
Q019	0	5TeXkrwIiottOc7pw1tDkF	0
Q019	0	5TilvKd95QRp2xgMk1jKDR	0
Q019	0	5q3J6dRv6ayISNnbMzwaq5	0
Q019	0	5sYqcDUNJotaPnDl6qkibZ	0
Q019	0	5tt394udRU89Pn2s3qPGaQ	0
Q019	0	5wn7dRsPFOd236GySyJqLx	1
Q019	0	63pRJ1kxGnAtJNIHJcygMG	0
Q019	0	6Q9NH5cNBY58nJkp5Jbs9j	0
Q019	0	6RoKhXERRpE20DzaDK8sUC	1
Q019	0	6ceYg8ERkKiZnQLmQYnIwM	0
Q019	0	6ssAYXYhC06139DNs6f3Dn	1
Q019	0	6vG67V0F255bHMJK14q3Hi	0
Q019	0	7Kc1CgyF8lD1zPt1zjh3qo	1
Q019	0	7L8zUnQobLuuGsxAO3E6fv	1
Q019	0	7MeptHWDvy6xasjckzCNp5	0
Q019	0	7bFXKWhhgUbdU2rAE7YH26	0
Q019	0	7mut83ZWTtmBPLg6munQIm	0
Q020	0	01pJihjyjMOooJSpEJBuLu	0
Q020	0	0OKMKaXyDk28UYOBQfj39E	0
Q020	0	0nkDm27DGppCSk8dnGtvPa	0
Q020	0	0z5Vqn05egEGCQ1VieiYCz	0
Q020	0	1CBjYXLotHrkiykMbI7EaU	0
Q020	0	2Gvn46nwyQhUnQiFhlP7WX	1
Q020	0	2rRA0VNb8RcaUMAmgWFoCL	0
Q020	0	38MpAndIjGAyVdcC6npX95	1
Q020	0	3GmJxfnUDrIs1iCfKUELFz	1
Q020	0	3XSefjiSHsD34F7clH84xa	1
Q020	0	46r3QfRhbsNZOVB8jgngYA	0
Q020	0	4AAIAVjSyiq1N7SXKkwXZe	1
Q020	0	4SjkLzyFBVXaxuB6SbJyJN	1
Q020	0	4UANYptjv2kpV6IY7IjXoJ	1
Q020	0	4Ygs3qZPzGTbCskM7tViCc	0
Q020	0	4YhPcVIxIAJrLhFVPGbJkE	1
Q020	0	4ZnbIW92JUmsr75O6qrhIk	0
Q020	0	4a5GPCo8oX4vvaRkciKlih	2
Q020	0	4nUOInBJiMk4xIFHBjmHy6	0
Q020	0	53PpijFATt35Zxfl6LTxoK	1
Q020	0	59G46DCAMo1sV5cyOQpAfT	0
Q020	0	59bqvy4GXsmefPOomUWJKt	0
Q020	0	5BzPqw5m1XDX1FHFE5P4Vr	0
Q020	0	5MKH0Pj5kW2fhgPFAzxvyW	0
Q020	0	5Z63GzkLQZ8aNVsOWqkRKa	0
Q020	0	5fY9bVl1Wj4PIM3wnduWop	1
Q020	0	5q1PhLrabZQaYR9SQEob2N	0
Q020	0	6TGM5yGrwQaaG4h1AAA7Mq	0
Q020	0	6aIrHPvM3l16MeS7iOQRYO	0
Q020	0	6ceYg8ERkKiZnQLmQYnIwM	0
Q020	0	70odMlSRTLvW5E62tkNdL2	0
Q020	0	7D5F5BzIon5zhzQrOU2pdN	1
Q020	0	7MAigrigZynUrNtP9d9eOM	0
Q020	0	7f3t1mj1YBrRgQDYAfAKz0	0
Q020	0	7q3fl9pyPaUOrQ1w6AzveN	0
Q020	0	7sl95MXCpM8WWsaH1BqvR3	0
Q020	0	7ug4WpEEENdaGKoi5ZPLA7	0
Q021	0	0GbvYZsvz7bWyijBDESebX	1
Q021	0	0PYAsHkb8h8gWBD9SsR1Af	0
Q021	0	0T2gSP5NRws6Y9tiZ6fG7D	1
Q021	0	1I7rnx1blEUfgEi9owDD4C	0
Q021	0	1OzgUxJU20lX5m7oqOM0oH	0
Q021	0	1S3YIhzxP8M7Og85DEfxTC	0
Q021	0	2AuWy0TLjqqqjFvz31i36w	1
Q021	0	2CK65CBXtjqdyY9M0OW31Y	0
Q021	0	2Li8tWQBprZEjyDVQaSpTC	1
Q021	0	2TSYxcrcrtLpdbsLY9NmzL	2
Q021	0	2ouv2lu96j6xcyOWau35HC	0
Q021	0	35D06z7kmwMmYYbyJ0BkSm	1
Q021	0	4Ws6gg0N987D2e0140nQHf	1
Q021	0	4YKujFSyakVjLdH1sDllVc	1
Q021	0	4kQbzdZLAeqlrw3y7o4k3i	1
Q021	0	4pTveXIx1x4CRKLBPPSYNU	0
Q021	0	51pxwIxDVCbFHW8oyJFQXD	1
Q021	0	5Aw7IBvOzLPqlJRPCqnTkL	0
Q021	0	5LCegtYPODbcqbTE5CZVv8	1
Q021	0	5O2s8jiG5IGUbe6eAWYPNb	0
Q021	0	5QprHzPuf78f4U1dcJKrPl	1
Q021	0	5dJDi0ulCDpeTIifADW7pn	1
Q021	0	6PAQmABeUj7XcMqfjyaLBF	1
Q021	0	6VWEhtshfz4hvD7iGBbaCM	1
Q021	0	6cFW2FPaUL4YRJfS9zFJaV	1
Q021	0	6oGjwea6U81MMJa2ChEgiR	0
Q021	0	6ofdKjeTKZOWX29pVDzLAX	0
Q021	0	6rssDmPJsasISky6xEFE0D	1
Q021	0	6tjjpGA76rJORTagvhxHRi	1
Q021	0	6u9tu5yRDTHpWlY86J1GDa	0
Q021	0	6vq7r1Pqd3pyI07u63cPZV	1
Q021	0	7kvxYGo18rWdsCtLLn5JqO	1
Q021	0	7sfEPWI7zBMzjZf72RRIVR	0
Q021	0	7te5tXVFULFD7abVvOpWPU	1
Q021	0	7uxmxoZeol893xSdm8Bx8d	1
Q022	0	07BRm4ATW5VXnpUagfVJhs	1
Q022	0	0Dqr7DChZi6MqEvpW7faLv	0
Q022	0	0GPPvr8CQjcRLZ7Vmenv4z	0
Q022	0	0foWZxNHzO28LqHipLnX84	1
Q022	0	0rosNwHC9T8YNu3EvXLPfX	1
Q022	0	0s15t3wXkM1drTDD1xAlXz	0
Q022	0	17tg01y3RhlfRKMnd333yL	0
Q022	0	18BjYW0Y9JtRi5vtzwfZjl	0
Q022	0	1MUK1YtogJl1f3SF3APmyL	1
Q022	0	1kWcd9h9HoeXsKaDVhSOtj	1
Q022	0	22IlqRzfUhcnvLcaRenuYg	0
Q022	0	26yttsyY1G1IDm95J2JHNM	0
Q022	0	280Kw6SAZOvjAT4QKnOBJm	0
Q022	0	2IQIp28xSfaXUzSAXSqE4e	0
Q022	0	2ZWxngKhr90tiStZ2LUWQ8	1
Q022	0	2pYl7r55AGuMNfPUV5aLfM	0
Q022	0	2vyCvveYWqM8M4ifEEBnsR	0
Q022	0	2zCZKvmxOHkEREWQIyR0ul	0
Q022	0	3Cabw7y9EoR68v7dBS76HQ	1
Q022	0	3IsTYAUWhdQgqEV35GlJYB	1
Q022	0	3m5omnxzCyGNwnKISipuS0	0
Q022	0	4IxEubZnlCHb3MVaaASrTK	0
Q022	0	4K41Qr2J5Olsu0RpWmuy7r	0
Q022	0	4tXVLiZWjPo5rFx1DjBZjl	1
Q022	0	5KNi9XFap48ry4puG7rvqv	1
Q022	0	5SarWlavLhOa6OEF9fTrer	0
Q022	0	5jYCwFovH8nQMnXuwwuetI	0
Q022	0	5lCErzo5pzcERgOL5hScRG	1
Q022	0	5oqnLlkjFuXzz1xe6Aj8dT	0
Q022	0	65vJAh07BdwurqR9SRa6f8	2
Q022	0	69uQeM11epaHTrH75xZXEx	0
Q022	0	6ApBRaC97789aNSL4TLrbE	0
Q022	0	6RzPHkfmWnAsUc7uycXpBg	1
Q022	0	6e5byyKtx6R0h66gagelPe	0
Q022	0	6wqgUja82BWbpEkcOjJXuH	0
Q022	0	7qvQZZMVUDmSDNB6iaQMxW	0
Q023	0	0cY02jXu3aWFf1B88o7i9H	0
Q023	0	0coMyavxt9GBli4voSWNgs	0
Q023	0	0f0Udph5uhDHBLEAbhWdNm	1
Q023	0	0lkoGeoP4TrvQLbH5qFQeR	0
Q023	0	13nBh1bUK3kAn2zHvA2lIX	0
Q023	0	15CoBMXezZjfJuFpvuhYK3	0
Q023	0	1d9FVl17Uq9LWHAFyrmIgO	1
Q023	0	1i44rCFgs2E6bTW6JbRUIB	0
Q023	0	1oc6FW18hQEUgDr25MePTB	0
Q023	0	1t2qPFjA2fok9Cj0zYfRoz	0
Q023	0	1vK40zHJQjRH4MpMERjBWU	0
Q023	0	1zEpntT1isSaDmAar2KzEJ	0
Q023	0	2NhPOpcYBjOjjxyE6zzOkK	0
Q023	0	2NyNNbBvJyfYFfonNGVIuD	0
Q023	0	2P7Is8yWc48Gp1AgJwwAQX	1
Q023	0	38seES4ORmmz4Zviuo6QGz	1
Q023	0	3QbPw4Aj3JgqG0In3ZPZ4q	1
Q023	0	3cFgImdIgvzmWqZgDBXlxX	0
Q023	0	3cWEn1jo6Ui1SysgZZ5Tw2	0
Q023	0	3u2TlJdJ9vJCbXCbU5qf20	1
Q023	0	4ED2RlSE8sZPsiZh2mFdPA	0
Q023	0	4POxP9ESAbmPU2SNLwJzX5	0
Q023	0	4QtMcgF2pHPe4vDSHZJODe	0
Q023	0	4ZA5agHE4LbH9t9nBSy57R	1
Q023	0	4sM8luDZz7GQGtvnI8GrrB	0
Q023	0	4vHteCKr8e5tvVOhrehRdo	1
Q023	0	573NtaUgS0xN22Wh8mtpmQ	0
Q023	0	5KimPWcMnaqwwghXAxfYRX	0
Q023	0	5dUBA8qXLPcw3TqDoINuMg	0
Q023	0	61OXJetNS0DLrnsKAA6kcO	0
Q023	0	6UTpIt0d0Dg8J6SnoMmxIV	0
Q023	0	6Z3f0928xX4juzdHV7xP3f	0
Q023	0	6la8fRJ0FhgM6ekTI3qpAZ	0
Q023	0	6zn5OFYwx705WTvYejsRxl	1
Q023	0	7ATfTQCF4OGSY91yKk42km	1
Q023	0	7hjAhjnMzpMT9vU54w0LYF	2
Q023	0	7xOXAE0vsVs4omEM7tE7uu	0
Q024	0	0gTnRw8eAI1Tu3vj1fKLDw	0
Q024	0	1NBYnSivYVaYRWcATQaGaN	0
Q024	0	1WusF1nfwF70ojSCSFhmLW	0
Q024	0	1ukD6B5zhWdi7KM8ECFspS	0
Q024	0	1yYRedggac6JY6VjesOJf5	0
Q024	0	2EGDo3bF1gbRvRqFxoKoV3	0
Q024	0	2M8kg89mTAWVcGOLArdAL1	0
Q024	0	2NYqfgrpXgccJndn69Iyxs	0
Q024	0	2UEyo3ufg8DvO0zYMJWG7R	0
Q024	0	2XKq7tSmoy4YRxd5zldDON	0
Q024	0	2YFYdYxHeoPuuM1fe7VVSo	1
Q024	0	2fOx32andXgG6tUZOTd4y9	0
Q024	0	2yeI0FRWd1sqGpHEUc5DFm	2
Q024	0	3XpltIwfhnYEG63dBeaK3d	0
Q024	0	3bnEs6xDfAbkRY0QTcrquJ	0
Q024	0	3iRsaOIjbyTpFX9xWyWQz3	0
Q024	0	3jRu5yeUFzJ3pBRzE2g6h4	0
Q024	0	3pmhZrPGqtTvkq22OYgg0g	0
Q024	0	3tHgIGRT1tjteEnkfpZcqW	0
Q024	0	43BCxznTSBLcXzu4lJ8KW5	1
Q024	0	4JY8xWKscl7wgJkplsp0JF	0
Q024	0	4gam3hoas6yOiMzboJo84g	0
Q024	0	4qvUtYRNwmFzfJ2loWkQCH	1
Q024	0	5d84oLTaZ3UTL2rwjkD339	0
Q024	0	5nwT95l5rMdQPaydjGh32q	1
Q024	0	5pA8OBOOF5fkOO0uhwLsbi	0
Q024	0	5sJJQxIfys0imGd4WhILm8	1
Q024	0	5v8a2AaxSsFhcMbm7gIUgj	0
Q024	0	5wIytrxWis1yWdvAE5z890	1
Q024	0	5zDTcutyeAD4vvIoZ3EpPC	0
Q024	0	6FQp6Y0SpjZrurysCIo7BJ	0
Q024	0	6aIqpvlf5uS8X1Ejg8D1Y4	0
Q024	0	6duf8hX0n4o3d2giaq4KEX	0
Q024	0	6obrTdUoXXgALthvEqQDfh	0
Q024	0	71KskoMTZflrdzY559OT7Q	0
Q024	0	7Dj3OTyF911hb1TtdFCdU6	0
Q024	0	7dVvkOreQQgjIl5jl2ks3d	0
Q024	0	7o5VPajBu55TxEjCQs05uw	1
Q024	0	7pzD7EudQxP4EhT5UeQjc7	0
Q024	0	7qxBghENGAGrX0uQnaVfvw	0
Q024	0	7tkka2fYf1erIg8wy8r9Lt	1
Q024	0	7ufO0ROFQ6BwSMPx5LuW4e	1
Q025	0	0ELJhEspRpXIe0NGkwwhzV	0
Q025	0	0qM6uIO0GlEkAPrwAXorzJ	1
Q025	0	1FONqQEarIVOE7QmU2JEfB	0
Q025	0	1MlzqEZcme3f8AixwdJciR	0
Q025	0	1gad6M2XB5J6L44FdZU6DK	0
Q025	0	1hFe34pro0Dt4a74njqOhB	1
Q025	0	1q9aCWizgS9p8LIzHCyE0c	0
Q025	0	2DTBqTRdVsOytTekvm80uv	0
Q025	0	2FaqKysNiEwxZ5sWOsCaYb	0
Q025	0	2HhAhITEupMNYQAG08Ejb1	1
Q025	0	2lKiWWoeqOHhXwyZT8flw6	2
Q025	0	39GE4EnOtWK7amz961xIzz	0
Q025	0	49aAR1k1YDjcHPPUaP1GTR	0
Q025	0	4Vnh0k6IMkALvtNO1M3yyB	0
Q025	0	4cRSit9wzI1XfV0PB7GVSQ	1
Q025	0	4ndpiHFCHD9vMT39QFzkXU	1
Q025	0	4v0fQobz3hi8CwN6Gmvev0	0
Q025	0	56MX2P8o1bpMvtgafVtqCp	0
Q025	0	596auwbjLymQr3r7vSvNlx	0
Q025	0	5UeQutpeNRqg21FBMiuStv	1
Q025	0	5egA7GDshPpsRCJrhC6vG7	0
Q025	0	5k21RXqN11N0TIeLLySlDv	1
Q025	0	5tDZvfCT14AJW5sM1t81iD	1
Q025	0	5ueQxlpeOWLvIN5UrptlyQ	0
Q025	0	5vyuPHvUj2G2SmuDFthtmj	0
Q025	0	5zTOTXvDmPytA5LaUmK3ap	0
Q025	0	6B7vvwpZcF96yOG46AQh2k	0
Q025	0	6WiSS1WzxZNKHYpGy0isYI	0
Q025	0	6qj97cZTKpfd24tFly5xJD	0
Q025	0	7FHFmDpo7HkSfvNhCZr0iF	0
Q025	0	7dKqPh21HpsysZvRWyNeM1	1
Q026	0	0EfOfW72dE43humkvijiYq	1
Q026	0	0HDMisLsuGNml98Xq7atpm	1
Q026	0	0S7o4sti5I5CAbbotTUzTM	1
Q026	0	0gYM73o8NGUW1FV9GUsXIq	0
Q026	0	15cW2y8pZcRi5xYB6Y87mz	0
Q026	0	1AM8pZn5uY89vkItAH5bm3	1
Q026	0	1G09TYdafWOnFnSQvJzePM	1
Q026	0	1JxrRikYoQjq2hlogQFyv5	1
Q026	0	1OxoKU6Idc16ZdDmS5x30i	0
Q026	0	1lCwNTcAWUyeA210RpLCzd	0
Q026	0	26l5FAEVr9cfaILS0szvvt	2
Q026	0	2M2eRVCQbC3rHFSm9oT3YD	1
Q026	0	2ciksfz6WZKfqoMVrWq8Vb	1
Q026	0	2hloKDkwGLjtYvAoqn39gV	0
Q026	0	2uITTxs2bD6mQxJih9aKNX	1
Q026	0	2w9IefuPj1MPI3VHp0bBwz	0
Q026	0	3bd1xo5hOXsjyQZaOZsTzd	0
Q026	0	3dYjFvyv4rrjq4o83qyE9e	0
Q026	0	4B5EmX29g6dBK4qnEcX2ET	0
Q026	0	4D4QZPjQjISno3Qagl5SRv	0
Q026	0	4Fvrh4LCEHg9ID9ZyKk0Es	0
Q026	0	4HJKNBVAJsOIPIEqz5hvyh	1
Q026	0	4bGFRTADO9epxHFLgzDZik	1
Q026	0	4ij4kSH4hf3qvg1JfT4xKT	0
Q026	0	5JWZoYOaOxAJWpVtpYvZSH	0
Q026	0	5P72Aj6wVhjPTuonFHzh4e	0
Q026	0	5cA1ZrIefkDvs4AIUqCx67	0
Q026	0	5eUvWPnfctQxYF4y19E3sv	0
Q026	0	5gyncqgMMNrKFeflBb0XBy	0
Q026	0	6hNREzgHbVM5AkGwP4SPmU	1
Q026	0	7l9Tq5phzkLnhWUyfp702G	1
Q027	0	04pCBeOCsmvYR8zQwyg7ch	0
Q027	0	0fmNnkQXfKxzGglDsAvcis	0
Q027	0	1RxByfXew3fCqsjsDqBze4	0
Q027	0	1Xi4kbi4uVVI4RvjWDbeL0	1
Q027	0	1bOcr8o0uLxSuw8uJ611A5	0
Q027	0	1xP2Z7Rh9IRlxa0aSCOQQR	0
Q027	0	285Zbpacsy9UGQHwJ24Wly	0
Q027	0	2tS3G9Rm8EIWaJucDpnI7c	0
Q027	0	3EM71GPnUGJ75uDhkH77pq	0
Q027	0	3UZ3tSPf9mIWq33DjfkMAI	0
Q027	0	4K5gF2wLdCInlv6AscVdG0	1
Q027	0	4RI6UHoMgEQhvOzJOMuah9	0
Q027	0	4SGixaEhdRjeZ4PTgavkzF	0
Q027	0	4utfUZHM35t2r7GEOqNa8S	0
Q027	0	52PpT7QuQb5ceI7OWWF6il	0
Q027	0	56i4PuApPOoMOT5R1Wx4ZI	0
Q027	0	5G3ZjUMOlOpChRHpdlGALj	2
Q027	0	5u8XmgNqmWZORE6XByIj1J	0
Q027	0	5uQuy0y37AqFEm6cWtiC0g	0
Q027	0	66s5TDfsJipaB9wPQHSORm	0
Q027	0	6InRmaLENHrHpplQ2bfnvz	0
Q027	0	6evYUApZFaZyJF5W5O6qKR	0
Q027	0	6r6qCY9h0Gvv6xkdK9aR17	0
Q027	0	71JHS3OSfgXGxIZkwXhord	0
Q027	0	7KmHC6VzDk5hhOalSMqE1Y	0
Q027	0	7hXQTTsfyeIiT7TB1ilBel	0
Q027	0	7nllzrlMUrplRgwYv1VCYS	0
Q027	0	7wswUOpYTPflsnPIjniGFW	0
Q027	0	7xLy51W65x5O1rttAIRcJc	1
Q028	0	0AhXLjgRJW4d3I356gjwg6	2
Q028	0	0PgsB53yhlKs8D19LgYU4i	2
Q028	0	0sgWRuWIcPQ4oOfSGcpubS	0
Q028	0	0zXJ9O5PtvOEey11TcQ55y	2
Q028	0	12KUH4m0NwR0l09s0l3jMG	0
Q028	0	1kbuf88Z0J4eGl2NJRV1vC	2
Q028	0	25ZlMLsOjB5t1GPxXLXXZf	0
Q028	0	2B3RwDWuGN3vpvJVXtbqGs	2
Q028	0	2Px3PZ2qq2uFpRBpfVx8A5	2
Q028	0	2d5fHYUDBXByMgA7sgbhtj	0
Q028	0	2lWExLBiCX9ZDYjCWZkYPN	0
Q028	0	3PlKQNlbL4767rND3HnqSI	2
Q028	0	3jFxkWQ1i4ephuKK56T9ta	2
Q028	0	3lqAyDp8vtK5XFaDDwzc4s	0
Q028	0	3vpmGewnBcIfbm252E3Xx8	0
Q028	0	4HQ4VFKOJRnTGZlYOOgrr6	0
Q028	0	4eK0Z2KoqIvsyg0gbuZOvg	0
Q028	0	4kGhQt2LTU67KYcJDT9VR1	2
Q028	0	4mCacNDD37u1wSgcFs57qg	0
Q028	0	4pmndQYSNgUzlXsOecMnRC	0
Q028	0	4rbDPCcShDfObgY5ka7gHL	0
Q028	0	4u47lJWoqhJi8zWkZ13l7L	0
Q028	0	4zRkxMnP9wmAPBPPU0Uds8	2
Q028	0	51K301CKuavVEP7A9vsUaz	2
Q028	0	59Dc8izNpjM09ZEGiO4eU3	0
Q028	0	5Sd3GHlug4vmWHX16ZrCJc	0
Q028	0	5ZnmWmQB74hJ9geBL9bY3R	2
Q028	0	5ogHB4oYt1C7kaWJYm5MDG	2
Q028	0	5ulRqyIxWd5Zz5E3835dA5	0
Q028	0	6DyZkdhsIpSqamQRHxDnpO	2
Q028	0	6MUYrTi8HIE3hhTpIzHuoZ	0
Q028	0	6YFgYXeHI1zwnSyB5yHStA	0
Q028	0	6wky1KFF0YvgtrFaH4ep9r	2
Q028	0	76HOOcFt3lKVdScmoScfz1	2
Q028	0	7D9sdH2LEs3To9nMZnLXUt	0
Q028	0	7ERNVCNHljjutyjP3JIevZ	0
Q028	0	7xMb0izMxYXFT0T7w0s9ir	0
Q029	0	06LzIRqFCVplRLtX2aoHeG	0
Q029	0	0EVhSaqb9Ig1XOvvkp48F1	0
Q029	0	0TYKO6toBeKLbyD18AVTNU	2
Q029	0	0VQ1mXWqoXynNmc0wdligL	2
Q029	0	16oVqtzrcrdzQvtIRnA2Wx	2
Q029	0	19gwT9Lv36zp3UCweLiZTE	0
Q029	0	1LXOwuYEjekLgsIwoPmuVj	0
Q029	0	1qx0ns6ZErHD6pZgRLw2zT	2
Q029	0	2A5MjSnmQZnXXdQ63CWpT8	0
Q029	0	2tR8iLdCeYhVcyPZvN6T7X	2
Q029	0	2vEjbBAGrX9Ygj5DzcWTCr	0
Q029	0	33UECsx4DcDRampb2ah316	2
Q029	0	3jGvsUZOoMPzWCtW0FCFkS	0
Q029	0	3ytXzEJFeVydFfmUhHvti8	2
Q029	0	4Ecc089vnSXdrjozrKEFsD	0
Q029	0	4WZfgKQ9WGPsa25rHVrL3x	0
Q029	0	4ZBYS791aBauCUjuckGQvI	0
Q029	0	4hPY8Hyit0AqHTZZp4a861	2
Q029	0	4mCacNDD37u1wSgcFs57qg	0
Q029	0	4nTrxp4aH0g2yLVPkFmljF	2
Q029	0	4utfUZHM35t2r7GEOqNa8S	0
Q029	0	5G4rIw7lHwmxQUADg2lnWo	2
Q029	0	5RhpE8nYULoYAT5Oy8g9VD	2
Q029	0	5hQ8oKqBsuTZSXkkB9ieEE	0
Q029	0	5hkLnjLwFQtSa1I0IZ7mzZ	2
Q029	0	5uMExJHum2ZH1RHMbPByMc	0
Q029	0	5wZUvwWGKaZ6NG8yckZcTM	2
Q029	0	63cu2niWEmBV2HAbWhMZGZ	2
Q029	0	63piuNbKgyASwtlj3kq4ye	2
Q029	0	6GDVcl6uasdEJVMko6Gvyh	0
Q029	0	6N2v3qyuXnr6ZXnIAjCQmC	2
Q029	0	6Wt61AZLG0bN2KasopE2sj	2
Q029	0	6evYUApZFaZyJF5W5O6qKR	0
Q029	0	6m8AgjfI28ER6odzMxmHtR	2
Q029	0	6uNitskNYppKgkaQQgjKmZ	2
Q029	0	6wheVgU5M6WWrq3Gr2KsF8	0
Q029	0	6xmtjVIcjMRdgdB1sywkjb	2
Q029	0	77ZXEJcwC7r4gfodNwERJz	2
Q029	0	7wglwZzZoWUr8sOECwpu6L	2
Q030	0	0OKMKaXyDk28UYOBQfj39E	0
Q030	0	0T4f3zg99Z9fh7tkRdmyQt	2
Q030	0	0gYM73o8NGUW1FV9GUsXIq	0
Q030	0	0z5Vqn05egEGCQ1VieiYCz	0
Q030	0	1CBjYXLotHrkiykMbI7EaU	0
Q030	0	1JyGEnE5FXTJJzOxfq7cJ9	0
Q030	0	1lCwNTcAWUyeA210RpLCzd	0
Q030	0	2Gvn46nwyQhUnQiFhlP7WX	2
Q030	0	2K9kZpwD2CzTa6iiSYYOoO	2
Q030	0	2rRA0VNb8RcaUMAmgWFoCL	0
Q030	0	38MpAndIjGAyVdcC6npX95	2
Q030	0	3GmJxfnUDrIs1iCfKUELFz	2
Q030	0	3XSefjiSHsD34F7clH84xa	2
Q030	0	3dYjFvyv4rrjq4o83qyE9e	0
Q030	0	4AAIAVjSyiq1N7SXKkwXZe	2
Q030	0	4B5EmX29g6dBK4qnEcX2ET	0
Q030	0	4SjkLzyFBVXaxuB6SbJyJN	2
Q030	0	4UANYptjv2kpV6IY7IjXoJ	2
Q030	0	4YhPcVIxIAJrLhFVPGbJkE	2
Q030	0	4ij4kSH4hf3qvg1JfT4xKT	0
Q030	0	53PpijFATt35Zxfl6LTxoK	2
Q030	0	59G46DCAMo1sV5cyOQpAfT	0
Q030	0	59bqvy4GXsmefPOomUWJKt	0
Q030	0	5P72Aj6wVhjPTuonFHzh4e	0
Q030	0	5fY9bVl1Wj4PIM3wnduWop	2
Q030	0	6TGM5yGrwQaaG4h1AAA7Mq	0
Q030	0	6aIrHPvM3l16MeS7iOQRYO	0
Q030	0	6ceYg8ERkKiZnQLmQYnIwM	0
Q030	0	7D5F5BzIon5zhzQrOU2pdN	2
Q030	0	7FQL91pqz0F47Mvu8CLivR	0
Q030	0	7MAigrigZynUrNtP9d9eOM	0
Q030	0	7q3fl9pyPaUOrQ1w6AzveN	0
Q030	0	7sl95MXCpM8WWsaH1BqvR3	0
Q030	0	7ug4WpEEENdaGKoi5ZPLA7	0
Q031	0	09TBjtXJmaF5tJhv12amgx	2
Q031	0	0OKMKaXyDk28UYOBQfj39E	0
Q031	0	0gYM73o8NGUW1FV9GUsXIq	0
Q031	0	0lqth62FJY6QobobChvnzB	2
Q031	0	1N2Szhl4iSMmT18resTXtT	0
Q031	0	1OxoKU6Idc16ZdDmS5x30i	0
Q031	0	1Tditr5KyzStSK3GiO6Xlj	0
Q031	0	1X95pCQG939KCbJL6yVQgw	2
Q031	0	1d7cmISALvOgs88d3ghiOa	2
Q031	0	1lCwNTcAWUyeA210RpLCzd	0
Q031	0	1pLrdiKXZ1bdf7O6rR3teY	2
Q031	0	2jw765J2mUBqTA5RAJ8nVG	0
Q031	0	2uydgEPODPYOpKmdJMBg2o	2
Q031	0	2w9IefuPj1MPI3VHp0bBwz	0
Q031	0	3bd1xo5hOXsjyQZaOZsTzd	0
Q031	0	3dYjFvyv4rrjq4o83qyE9e	0
Q031	0	4B5EmX29g6dBK4qnEcX2ET	2
Q031	0	4FuJdJHuaiEImmvEPHbV5z	2
Q031	0	4ij4kSH4hf3qvg1JfT4xKT	0
Q031	0	4kxhur680iGM5bnUZtqBGH	0
Q031	0	59bqvy4GXsmefPOomUWJKt	0
Q031	0	5JWZoYOaOxAJWpVtpYvZSH	0
Q031	0	5P72Aj6wVhjPTuonFHzh4e	0
Q031	0	5bXsLb6Ii6oerHPYB1AmSV	0
Q031	0	5q3J6dRv6ayISNnbMzwaq5	0
Q031	0	5wn7dRsPFOd236GySyJqLx	2
Q031	0	5yWkyfBlYSixM7AZeVI4SA	0
Q031	0	6QOJOjRPpHRFlXKJtk7LXR	0
Q031	0	6RoKhXERRpE20DzaDK8sUC	2
Q031	0	6Tt0DvjtcH234nrvLrKxvP	0
Q031	0	6ceYg8ERkKiZnQLmQYnIwM	0
Q031	0	6r82mJugUyDe1fI8waZDtZ	0
Q031	0	6ssAYXYhC06139DNs6f3Dn	2
Q031	0	7Huhnnm74bfVtOXsvvmxzu	2
Q031	0	7Kc1CgyF8lD1zPt1zjh3qo	2
Q031	0	7L8zUnQobLuuGsxAO3E6fv	2
Q032	0	06ISLOwFiM2NpmMNKN7yHl	0
Q032	0	0A8K5i1KBtY3ztMETimVCK	2
Q032	0	0Rq7EzwIvsVqPPUNM3M4as	0
Q032	0	0pWG2AKckt7Rcy9JGr4oLq	2
Q032	0	1DLKuppSYytOuxhtI6KBGu	2
Q032	0	1NnaMuoHPk0VpoVoDPUzBa	2
Q032	0	1Q2ccC142Hvgawum66DWdX	2
Q032	0	1RQvDtxYOHbPyx8DaUlzRi	2
Q032	0	1mSxbLW7fKABfeY4lGpg0E	2
Q032	0	1tRRWHwALkD7pAuN6Qklxs	0
Q032	0	1yUm0iWD3rDf8dViBRpSkt	2
Q032	0	1zkyqVdTsZFYg1SkfgUNcI	2
Q032	0	2Iu5NDjHE7GEi1SGfMgyRT	0
Q032	0	2gRejnfVLVjmqaJNCsAvPO	2
Q032	0	2mq2guDokKscaiSrwAbbfH	0
Q032	0	31tcBB5YOBbb0xWPvFCW9j	2
Q032	0	352FuGmGJClPjojSYjNrXG	2
Q032	0	3HVbfel1UyI3CPirCfnSWe	2
Q032	0	3W9Qdv4cT8CWaXiXRYo3n0	2
Q032	0	3ojb700W5IwWvVZUZ9CuLo	2
Q032	0	4Cl7PMDB1O5ZJC4I5gI1Gr	0
Q032	0	5e3OpplLORcS76GzcZY04L	0
Q032	0	5lLKJdDPy7qbsta6d88lKE	2
Q032	0	5pFTDXmVRg9AtauGZ83wvT	2
Q032	0	6NLVsyLzttzdgkX4go8s2K	2
Q032	0	6f11at1kBnKQxzs9vocu9K	2
Q032	0	6nhBB8ZSXjMRRXz3tGgdjL	0
Q032	0	7qxBghENGAGrX0uQnaVfvw	0
Q033	0	02VoIHxGt7OCdIPpEz6p09	0
Q033	0	0ZqAZ2LLUvGE3YdIuoBRPl	0
Q033	0	0f0Udph5uhDHBLEAbhWdNm	2
Q033	0	0hdKL3JtEq393Yg3I16jzE	0
Q033	0	15CoBMXezZjfJuFpvuhYK3	0
Q033	0	1d9FVl17Uq9LWHAFyrmIgO	2
Q033	0	1wbdfPmid2Dm1nEPkwUwEn	0
Q033	0	2AkqQ7N0Imi1UTaZlOFrL1	0
Q033	0	2P7Is8yWc48Gp1AgJwwAQX	2
Q033	0	38seES4ORmmz4Zviuo6QGz	2
Q033	0	3D0LkP3sKoCuwPihiRtJfr	0
Q033	0	3FBLqXJ0Fvj4SrM8U9GuWH	0
Q033	0	3NhZyo89WxdAg7CtBpNKB8	0
Q033	0	3QbPw4Aj3JgqG0In3ZPZ4q	2
Q033	0	3UTkKMrVfiUmbS7VodfPQR	0
Q033	0	3u2TlJdJ9vJCbXCbU5qf20	2
Q033	0	4ED2RlSE8sZPsiZh2mFdPA	0
Q033	0	4QVDdKdW05TPMIxKYCV2kM	0
Q033	0	4ZA5agHE4LbH9t9nBSy57R	2
Q033	0	573NtaUgS0xN22Wh8mtpmQ	0
Q033	0	5Bfjmnx2NCCc3FAwTVV6HX	0
Q033	0	5Y1q5n6L5htwrFOrhMzOkA	0
Q033	0	5mEZcywIvEBEx1gp0q9fMj	0
Q033	0	5xIDg8xHcFzR6PhXgYrntP	0
Q033	0	60otkmVLzJqvpIvsj8ykwE	0
Q033	0	68W647nvboUH35JjvVUiMh	0
Q033	0	6BKf7AYlGEXC2vZ85tMCbt	0
Q033	0	6GKvhudntpdfdRN0ByqtqE	0
Q033	0	6RSK67IoYrKfxX9bXR0mN8	0
Q033	0	6T7BbKUTZdYp2W2JlcxeTb	0
Q033	0	6fJPt4Y1yFMVSFY4HIE2Vd	0
Q033	0	6jbbpIvIJ5n2e11yPNNgKS	0
Q033	0	6r82mJugUyDe1fI8waZDtZ	0
Q033	0	6zn5OFYwx705WTvYejsRxl	2
Q033	0	7ATfTQCF4OGSY91yKk42km	2
Q033	0	7bPTMDWD7XMJY6VYQKwDd8	0
Q033	0	7hjAhjnMzpMT9vU54w0LYF	2
Q033	0	7q0kFgufJcYdoeG0nvW3sk	0
Q033	0	7roBdSNPAnwycHCv66dwXM	0
Q034	0	07BRm4ATW5VXnpUagfVJhs	2
Q034	0	0Qb4PQWf2GkpKKy3lU4YOC	0
Q034	0	0foWZxNHzO28LqHipLnX84	2
Q034	0	0kIhdc2rN4TCBzvZ1MtVmz	0
Q034	0	0rosNwHC9T8YNu3EvXLPfX	2
Q034	0	0snN8Qal0wAozHXKqOvR8c	0
Q034	0	1AmvgghfKMePtlF8rpZTak	0
Q034	0	1MUK1YtogJl1f3SF3APmyL	2
Q034	0	1kWcd9h9HoeXsKaDVhSOtj	2
Q034	0	234p7CwThXFrGBPZuvDknd	0
Q034	0	26yttsyY1G1IDm95J2JHNM	0
Q034	0	2AKnTIqeNvuMS9YCWHRMQk	0
Q034	0	2U2o8eV1nNakQ5h8Jkb17C	0
Q034	0	2YnuQrAfllpWxtRjh8TZ0V	0
Q034	0	2ZWxngKhr90tiStZ2LUWQ8	2
Q034	0	2nNxtJ8Ce702sXXbVBwvW6	0
Q034	0	3CSae8JgTJA314kfZbvp1U	0
Q034	0	3Cabw7y9EoR68v7dBS76HQ	2
Q034	0	3DT6PksB7jmHufnbDwgHnu	0
Q034	0	3IsTYAUWhdQgqEV35GlJYB	2
Q034	0	3RVa7XF0m3kzUuLrpsiKXF	0
Q034	0	4otUtDEPeGJtlFTX3HLyy0	0
Q034	0	4tXVLiZWjPo5rFx1DjBZjl	2
Q034	0	5KNi9XFap48ry4puG7rvqv	2
Q034	0	65vJAh07BdwurqR9SRa6f8	2
Q034	0	68IRmXtUodEv8yYiu3Wzi9	0
Q034	0	6GGKMw9KF9sItINbIIUmCZ	0
Q034	0	6IbFXlRLjvZS8gZdganyfd	0
Q034	0	6RzPHkfmWnAsUc7uycXpBg	2
Q034	0	6mTdYJgRwYXvMiz4RLDYSA	0
Q034	0	6sWrtSw5H8crwA6fR4dyFb	0
Q034	0	7r0xCT94YWeHn25IZ8vWLC	0
Q035	0	0450cyCQXXh4zpQ2eLNe6f	0
Q035	0	06LmwJkSVE1Ru6ltxlKH5P	0
Q035	0	08dcweSRXqWoMdYJU0uqmQ	2
Q035	0	0B8cW8jiNmI5ljn8uGA9vt	0
Q035	0	0Y2v82GQsomVCqnfWpRSg5	2
Q035	0	0gg3QtCcPZn4aJ0D7dRNul	0
Q035	0	0rycni6vwYWlKc7d1FrVI6	0
Q035	0	0vBWwc6LnM7mhg4GZjhqNv	2
Q035	0	0vkjPQ4zBBXcN2tpGTpKBv	0
Q035	0	0vmdodAr5QHm0ZrrIU98HB	2
Q035	0	0zMmOisGjuFBmUjL8ZjghM	0
Q035	0	0zV3EV3ZhUg3AcXnZ0lr06	0
Q035	0	1EHylpXM7XNSxmOki0Fymh	2
Q035	0	1K7CuoOxhj3hejMZw4755Y	0
Q035	0	1qamKCfDlcPV44niEiQsOa	2
Q035	0	1yNstWFOG0z4CFkJrusyzP	2
Q035	0	20aY04a1o6R2zgEHu55i0G	0
Q035	0	21KbWPoY3MTpI5byU6d0dl	2
Q035	0	29jj4qCVLihQrOaaJdGHXv	0
Q035	0	2DkXSOutWmOLg1GPN9ZJJH	0
Q035	0	2GoBgV0mZu5ymS3Uz4a7lm	0
Q035	0	2KpKPRvXaAabBDxjbxDue7	0
Q035	0	3aNYxNtZq1AqLEYPKdx9F0	2
Q035	0	4IbVjFCLG37ldKYgX6czUj	0
Q035	0	4oKUMBx8CWDZiOOEXrPKdq	0
Q035	0	4yzGvlfwROj14U8qIDZpOR	0
Q035	0	57bPS13NWTMuZEoAvpWZEA	0
Q035	0	5aIkOR69dYODZ6kAzeeWfA	0
Q035	0	5gUGN6F0wfG4YrZZRTmT7E	0
Q035	0	5tGmWZFgi5AVGlftgfU15f	0
Q035	0	6AwTOWcZnWfZIRjOmediA5	0
Q035	0	6RlJgzZ1ZoyFSERv3PXuZw	0
Q035	0	6uJyhRjoRdAVAfIuVFYJqU	0
Q035	0	7AaW6x9Ld7c9JqBuyw6vzB	2
Q035	0	7MB82aWojKYntOXvQUogZM	2
Q035	0	7vDVP5T7wRaTem6Pppx93J	0
Q035	0	7zuouZa1AbGwG1xcR3gLN4	0
Q036	0	0ELJhEspRpXIe0NGkwwhzV	0
Q036	0	0Lwl8VtUgLTCnGr9DuGyH1	0
Q036	0	0k74j2XdPschdiUuFH1irD	0
Q036	0	0qM6uIO0GlEkAPrwAXorzJ	2
Q036	0	1IQktTslAEy03VnTbhaeLm	0
Q036	0	1MlzqEZcme3f8AixwdJciR	0
Q036	0	1eHM4hibE6Kcv2KRNP4tYq	0
Q036	0	1gad6M2XB5J6L44FdZU6DK	0
Q036	0	1hFe34pro0Dt4a74njqOhB	2
Q036	0	20e3HDDXFGceCSYsOg7gGi	0
Q036	0	2E1gL6ziw7kWxNgMJePC7f	0
Q036	0	2HhAhITEupMNYQAG08Ejb1	2
Q036	0	2a4kF4IuTYyQiO043TAQV9	0
Q036	0	2lKiWWoeqOHhXwyZT8flw6	2
Q036	0	39GE4EnOtWK7amz961xIzz	0
Q036	0	3GNET4oOksljleobvXJvzN	0
Q036	0	3VYaIt0YgMlaTS6QOhNtF8	0
Q036	0	3qHCSe89E7n8wf7bUp02LA	0
Q036	0	3zSJaVOG3CScUJ4UdPi6IN	0
Q036	0	41UOPlYbkLEVr9J0EayDCP	0
Q036	0	4HV3w07Gekf0onjL8rTJ93	0
Q036	0	4cRSit9wzI1XfV0PB7GVSQ	2
Q036	0	4hSb1bkeJTnLUOjDLyyWzt	0
Q036	0	4ndpiHFCHD9vMT39QFzkXU	2
Q036	0	4w6hJmtwg800XyGi7SJvwf	0
Q036	0	5UeQutpeNRqg21FBMiuStv	2
Q036	0	5UffJ6fz0ikQ0ze8bqRyHQ	0
Q036	0	5k21RXqN11N0TIeLLySlDv	2
Q036	0	5tDZvfCT14AJW5sM1t81iD	2
Q036	0	5ueQxlpeOWLvIN5UrptlyQ	0
Q036	0	5vyuPHvUj2G2SmuDFthtmj	0
Q036	0	5zTOTXvDmPytA5LaUmK3ap	0
Q036	0	64PiR8KeJsUYbwQ6oQcagP	0
Q036	0	6ceYg8ERkKiZnQLmQYnIwM	0
Q036	0	6nUP173xQi2ux6GgZnsi6q	0
Q036	0	7JeZlsOQmHT0pWXKyjgFXZ	0
Q036	0	7dKqPh21HpsysZvRWyNeM1	2
Q037	0	0B5NMQDTeq7P6ti4CO9edA	0
Q037	0	0YyZBGbZYAuEFu473MiyjQ	0
Q037	0	0gYM73o8NGUW1FV9GUsXIq	0
Q037	0	1Ck15KMOqQOVx4nu6Rv57m	0
Q037	0	1OxoKU6Idc16ZdDmS5x30i	0
Q037	0	1SMWOSUw16OW1IFPIIB3KN	0
Q037	0	1Tditr5KyzStSK3GiO6Xlj	0
Q037	0	1V3NL7LXO3QXui3dbxzye2	0
Q037	0	1lCwNTcAWUyeA210RpLCzd	0
Q037	0	2077eHXxwRgxDhEBtJV0wD	2
Q037	0	21i5B2i5ZIcofVwjuo9LKG	0
Q037	0	24IMxi4RUakB4bleLn2uBE	2
Q037	0	2655xYZ347fG2N6OjkoMQ8	2
Q037	0	2GfxgssRHvY1azHtaRqKoK	2
Q037	0	2KGv51jgAz8OTjNPyRryfq	2
Q037	0	2NnSYdNhqye00il4nRB4tj	2
Q037	0	2TE9rkhJYDctxgzak0AnSb	2
Q037	0	2WVZwImXEOdSSvPZg0TQyx	0
Q037	0	2YNPrxwFA7lzecwR5O5rJ3	0
Q037	0	2bTGlx7cN0zHZegVmkAjBX	0
Q037	0	2gfn28JSINCJGLrUimmu0l	2
Q037	0	2w9IefuPj1MPI3VHp0bBwz	0
Q037	0	3bd1xo5hOXsjyQZaOZsTzd	0
Q037	0	3dYjFvyv4rrjq4o83qyE9e	0
Q037	0	3zlU0V45H1FcjZeGEVt8ih	2
Q037	0	4B5EmX29g6dBK4qnEcX2ET	0
Q037	0	4CyjorlRyCfb4BdBa3DrmP	0
Q037	0	4PW7Nj2Fb7XYqXtEURpngx	0
Q037	0	4T1xE6QFTdrCRLHmabIC0o	0
Q037	0	4ij4kSH4hf3qvg1JfT4xKT	0
Q037	0	4kNdf9mcUx0bLCJJXVbkbh	0
Q037	0	5JWZoYOaOxAJWpVtpYvZSH	0
Q037	0	5P72Aj6wVhjPTuonFHzh4e	0
Q037	0	699QIh959qzZ45rf4X0D7V	0
Q037	0	6C1zL1nBK9fVF40mD9fvNd	0
Q037	0	6RAONTDgrZGRXqeLNNHQLL	0
Q037	0	6ccKu0LwJzOhLAxBwP2PTk	2
Q037	0	6yNcZpBQOMoMRNow1bYhub	2
Q037	0	74Wlh9uWLrEQzq0k5M5oJW	0
Q037	0	76SuWuekZeqe2TafSQFEN5	0
Q038	0	0450cyCQXXh4zpQ2eLNe6f	2
Q038	0	0B8cW8jiNmI5ljn8uGA9vt	2
Q038	0	0gg3QtCcPZn4aJ0D7dRNul	2
Q038	0	0rycni6vwYWlKc7d1FrVI6	2
Q038	0	0vkjPQ4zBBXcN2tpGTpKBv	2
Q038	0	0zMmOisGjuFBmUjL8ZjghM	2
Q038	0	0zV3EV3ZhUg3AcXnZ0lr06	2
Q038	0	106SKHXoytRADjpxHBkJpV	1
Q038	0	1K7CuoOxhj3hejMZw4755Y	2
Q038	0	1ngQsOJkYYFhZVESlD6LRY	2
Q038	0	29jj4qCVLihQrOaaJdGHXv	2
Q038	0	2DkXSOutWmOLg1GPN9ZJJH	2
Q038	0	2GoBgV0mZu5ymS3Uz4a7lm	2
Q038	0	2MtjnQC8fQ8mbMbNNrc3dD	2
Q038	0	2mEBHcDXttmf469VomwNYi	1
Q038	0	4oKUMBx8CWDZiOOEXrPKdq	2
Q038	0	4yzGvlfwROj14U8qIDZpOR	2
Q038	0	52wqXWuYovLXQJR1vLJSU4	2
Q038	0	5Wfaiju3pMNaRuUBNNas60	2
Q038	0	5aIkOR69dYODZ6kAzeeWfA	2
Q038	0	5gUGN6F0wfG4YrZZRTmT7E	2
Q038	0	5tGmWZFgi5AVGlftgfU15f	2
Q038	0	6AwTOWcZnWfZIRjOmediA5	2
Q038	0	6uJyhRjoRdAVAfIuVFYJqU	2
Q038	0	7vDVP5T7wRaTem6Pppx93J	2
Q038	0	7zuouZa1AbGwG1xcR3gLN4	2
Q039	0	06ISLOwFiM2NpmMNKN7yHl	0
Q039	0	0QWfNXV7iB6eBiMWVgtDy9	2
Q039	0	0e9SjXQ9NRIxzEPDKzBvyS	2
Q039	0	0pmtFDU7ZdXoQOiyigN0Fc	2
Q039	0	0rxuFqOB4H5mtV6rDtqc9d	2
Q039	0	0x2C3lTa6qfceRMAUuFHQU	2
Q039	0	17vNvvjEvysr1NzX1lI0so	2
Q039	0	1IYSOqCfFJcKLUVJ6hkOu0	2
Q039	0	1ZwIneGocijeGmgahh6umd	2
Q039	0	2PChtfI75ZmcvUty1KBLas	2
Q039	0	2mq2guDokKscaiSrwAbbfH	0
Q039	0	2z0smkUj6wjEIRC6To5o8x	2
Q039	0	2zd9LVZFGJ8mTPlnOwyUW6	2
Q039	0	371YVyY6XMVP6qcCnuHRfi	2
Q039	0	3PgCfNAo99vNJZodPJofjU	2
Q039	0	3rt9Jp71iuS8SE59sz8dSJ	2
Q039	0	4nkJPr5pVmSpsljFqoGzPL	2
Q039	0	4zGap9GhyeMN1QleAmvR1F	2
Q039	0	5FjLOA14hdUgVqamAPvyVI	2
Q039	0	5G4VEEZXyBTEBw9RCj0L8S	2
Q039	0	5e3OpplLORcS76GzcZY04L	0
Q039	0	5ncBfaUmarog3U2sKCqCmY	2
Q039	0	5uHVN85zTonOfL1IXWB2h2	1
Q039	0	62DA2oCfxZg403UFKORzCK	2
Q039	0	68K8VaazzURRjLf84yaOA3	2
Q039	0	6Yra3zacq7fcy0TD1qtdht	2
Q039	0	6seCDSmbo1TtnOUxmKm3DX	2
Q039	0	7E9mdBdTMnUFrFoD9pzDFZ	0
Q039	0	7fKDV269Dp1y3zBNGtnLTo	2
Q040	0	0Qb4PQWf2GkpKKy3lU4YOC	2
Q040	0	0jXsVuQP0aMiie9GfkfiHH	2
Q040	0	0kIhdc2rN4TCBzvZ1MtVmz	2
Q040	0	0l4S4jaxDHScOHYuSc4hBe	2
Q040	0	0snN8Qal0wAozHXKqOvR8c	2
Q040	0	1Pl25lDKU2K9jQPGmcryAD	2
Q040	0	1XGwhMYkMaOQuBpiZI72IP	2
Q040	0	1mXSMXuod60fZA5rns0X2H	2
Q040	0	234p7CwThXFrGBPZuvDknd	2
Q040	0	2AKnTIqeNvuMS9YCWHRMQk	2
Q040	0	2S4XnRgVbgcdg87FJOSqye	2
Q040	0	2YnuQrAfllpWxtRjh8TZ0V	2
Q040	0	33k5jmcyA5IVQj9gB0Cd0Y	2
Q040	0	3BgkR272hquoaluTNwfcKB	2
Q040	0	3CSae8JgTJA314kfZbvp1U	2
Q040	0	3RVa7XF0m3kzUuLrpsiKXF	2
Q040	0	4KRPyATg8BkwyCmMBbpN71	2
Q040	0	51nx7ooImi5ZHVIM1wgnxV	2
Q040	0	5TB6hQCVrMaK3zPxr2dKkg	2
Q040	0	5Xd6qzrYEMHCI7YLc5oFIe	2
Q040	0	5jzVkh7b9Kp2o9B3YaoH8m	2
Q040	0	5uMExJHum2ZH1RHMbPByMc	2
Q040	0	68IRmXtUodEv8yYiu3Wzi9	2
Q040	0	6JgRPJZy6L07G1aPwJ9hHx	2
Q040	0	6mTdYJgRwYXvMiz4RLDYSA	2
Q040	0	7IJL4M60BRsSalyj9cAy56	2
Q040	0	7LgaNfJBEWAXlretii86SG	2
Q040	0	7eyryunOSwjpXjbxV3bqvT	2
Q040	0	7ezk6Fzan6hPpT6XqiJNWS	2
Q040	0	7r0xCT94YWeHn25IZ8vWLC	2
Q041	0	0XkH47qUbNA4YGdD4WEjAA	2
Q041	0	0gfO1PwUpQeLlumvePM0yw	0
Q041	0	1POmNEWjpUo5DXzVyLgCRu	2
Q041	0	1jPrud4TjunKVF09KFCZVc	2
Q041	0	1tBiJmwdg7C2AUnoeyFoM2	2
Q041	0	1zWIyxeOuW247dRzAaFXvs	2
Q041	0	2LVGHLOaSlgADQNOGH1lsf	2
Q041	0	2SfBmQExwL1AnjWCBPL7UZ	2
Q041	0	2TS8C1dUfL61wQVr8NgDrW	2
Q041	0	2cK62gM9EfeQbegZr9sgbf	2
Q041	0	3F83yryYWw4Qs0sVRpoMF3	2
Q041	0	3Fi4JvDROSgFuZVpaAP6kx	2
Q041	0	3LodnEuvawlcOLBD3ssDt7	2
Q041	0	3OZ8yrpx5gOJ0zB9lUSZPJ	2
Q041	0	3g8dzqYgvhyb9kkoOvWKQI	2
Q041	0	3uMsu98Xg8tK2BbH8HwKVm	0
Q041	0	448158cOtdLyR59DJnzpON	2
Q041	0	4AkIMCgRoziml1pqhVZrZt	2
Q041	0	4VFK8taqV3aadYULbB0JpV	2
Q041	0	52SZqPgS9L8uUNZeGSsU7o	2
Q041	0	554KaY3qjPajuIHIRcfPIG	2
Q041	0	5RBW30fFFVav2n0IqFj0fY	2
Q041	0	5nwkZfrwFGehnwYA1Z664w	2
Q041	0	5s9iztBasUqhHFKsoeR18T	2
Q041	0	67x5q1Ve8My9b11nUWIh7P	2
Q041	0	6FQp6Y0SpjZrurysCIo7BJ	2
Q041	0	6IQy8GvufaM1KHA1RMapNm	2
Q041	0	6Q4foUefrAyCt8VxJFML56	2
Q041	0	6RvMVidQrwAh2VkXLIVfQn	2
Q041	0	6aCTB0oOxgHSEJ1En3ttdR	2
Q041	0	6zPpAkAQQ4GDvUEtd4wiG7	0
Q041	0	77b38yXcDs0eqhSyRxjpCf	2
Q041	0	7GypINlzSk4NVBKDmv47Pf	2
Q041	0	7I5XQtlLA9KQjhGHtPsSTf	2
Q041	0	7lGnsbuTBh1Xew8tkHLbs6	0
Q041	0	7pNRL7S26wxE7afedHhQPt	2
Q041	0	7rvW49PvaFKGyfeoxay9Go	2
Q042	0	0Og4G1o2bGndQw3NDAbwKf	2
Q042	0	0xZMmH3rIT0UdqUV65wdrH	2
Q042	0	1EG4TYyumGpYLJLtPEIip8	2
Q042	0	1q54VNXn2SWxmxyH5HNuea	2
Q042	0	1z3gUuVS16pXsLoCue4TNI	2
Q042	0	2BtYfou9MvzgQ8CfmMhaWM	2
Q042	0	2DEHcqIwG3umK94P0tlh7X	2
Q042	0	2VdUf61z3Ul0CjqZKrbzfg	2
Q042	0	2cvI1IUFrtdcd6nUN1EZyw	2
Q042	0	2xTQLMCdx9di6RmE5RxuMs	2
Q042	0	33zDjtriW7iFYTcrgKJ0m1	2
Q042	0	3BHQNPlsge6KXwC0Fyzkyq	2
Q042	0	3ZoHRKoHE8B9xLCe6eBrom	2
Q042	0	405pnewk2TN2WxsUKyvbS4	2
Q042	0	4Cv0zyNdOe46nuIablBQf1	2
Q042	0	4N8W1ihLYDi7b3PzBjgiqc	2
Q042	0	4OfiTqaZVoBBSGyaMPPOMD	2
Q042	0	4S3tKRwUpgckWgANUGn7Pp	2
Q042	0	4W7NmjMeXc1hgiBvjFMJdW	2
Q042	0	57W2vaQMCDkKr1mR3mRlNP	2
Q042	0	5UwEjd3PPKEeYWOuJ23pFz	2
Q042	0	5YoPEYXWQG6cyyEJPWMIc6	2
Q042	0	5b3OazQ41nLo3CNeuLyMPA	2
Q042	0	5bkNLIXj5B4HnCkeeqlIWl	2
Q042	0	5ePUwilvbEoHaNlpuSi3P2	2
Q042	0	5ibmO0MNdUjNZQC93rQbaS	2
Q042	0	5pzHefoKlPT8mZeLUL5Grk	2
Q042	0	68McOe4uvV9uJlQVu65duX	2
Q042	0	6TY5sU1MtoQ3ghGdIMkF1N	2
Q042	0	6mk2ogHGDDUvLAr6DaUXYB	2
Q042	0	6zuy5YZVdx5YkFq0p4mahN	2
Q042	0	7ffnS99ARDdfVtaXGN1rro	2
Q043	0	185bXYhKuVoaSuFTQztNjt	1
Q043	0	2B5AbenHFTVtThonFDvg9x	2
Q043	0	2FAzDuJVmPAx5dxZnN4dmv	2
Q043	0	2OBD0zVk2mquJuWzggAuyt	2
Q043	0	2W5bB80NihxUD6rWq8M7lF	1
Q043	0	2tS3G9Rm8EIWaJucDpnI7c	2
Q043	0	3AIwwAVk5F4cRi67sAkOJI	2
Q043	0	3jGvsUZOoMPzWCtW0FCFkS	2
Q043	0	3jvNy5homE4yywLOsc2yHR	1
Q043	0	4Iyl2Ybgzlr8Mhgmwn9XAL	2
Q043	0	4JoYS9ly7OE8U5eFjGMZyI	0
Q043	0	4ZBYS791aBauCUjuckGQvI	2
Q043	0	592oMwUh1AstgmWj7WZvEb	1
Q043	0	5FH26NecXbd0RnUf0tMEQA	2
Q043	0	5RrGmkgqYdtpavrbDQhLMi	1
Q043	0	5fBZcYrDdbW8ghG1nK0aPC	2
Q043	0	5g8LJXyeEiO8p9RCYlhXC9	2
Q043	0	5oDlVl8TVW4mMPCbFbfEOn	1
Q043	0	69wUMmlGgWu1ocdLGlEKHk	2
Q043	0	6CgNuCuHWwwzc2H2LoMUsa	2
Q043	0	6GDVcl6uasdEJVMko6Gvyh	2
Q043	0	6evYUApZFaZyJF5W5O6qKR	2
Q043	0	6r82mJugUyDe1fI8waZDtZ	0
Q043	0	6tyNDqpsKlyiQvZmUTHVFO	2
Q043	0	6xmtjVIcjMRdgdB1sywkjb	2
Q043	0	7ENzvLExxbHyHjHIxKIUIo	2
Q043	0	7hYpnAFOgVniLcgWwRXZSZ	2
Q043	0	7mqdtx23mKwGHALRWZRpEy	2
Q043	0	7pj39Quy4K2J5jvXxrE8cn	2
Q044	0	0gYM73o8NGUW1FV9GUsXIq	2
Q044	0	1OxoKU6Idc16ZdDmS5x30i	2
Q044	0	1Tditr5KyzStSK3GiO6Xlj	2
Q044	0	1lCwNTcAWUyeA210RpLCzd	2
Q044	0	1trT4oO0EjTILwHUkJvmVa	2
Q044	0	2jw765J2mUBqTA5RAJ8nVG	2
Q044	0	2w9IefuPj1MPI3VHp0bBwz	2
Q044	0	3bd1xo5hOXsjyQZaOZsTzd	2
Q044	0	3dYjFvyv4rrjq4o83qyE9e	2
Q044	0	4B5EmX29g6dBK4qnEcX2ET	2
Q044	0	4HJKNBVAJsOIPIEqz5hvyh	2
Q044	0	4b9y9bQn8Ym8A1uhp52Xhx	2
Q044	0	4ij4kSH4hf3qvg1JfT4xKT	2
Q044	0	4ivlU5Bte6cUUznToGsStW	2
Q044	0	56lOxALsQparHxiWXkMCGW	2
Q044	0	5JWZoYOaOxAJWpVtpYvZSH	0
Q044	0	5P72Aj6wVhjPTuonFHzh4e	2
Q044	0	5bXsLb6Ii6oerHPYB1AmSV	2
Q044	0	5q8hkCqwRrxM7g8UjpkRGJ	2
Q044	0	5u9pWMnzlfOKiHHiPPBaD9	2
Q044	0	5yWkyfBlYSixM7AZeVI4SA	2
Q044	0	6Tt0DvjtcH234nrvLrKxvP	2
Q044	0	6oNLNALIW8Ow38vNanOTUI	2
Q044	0	6r82mJugUyDe1fI8waZDtZ	2
Q044	0	6yONKq2REQrijkNS6E5GhT	2
Q045	0	0A0IEulyZEsooA1HBVtmLE	0
Q045	0	0Rq7EzwIvsVqPPUNM3M4as	0
Q045	0	0bek7IePM9EuMiDI6cGQJB	0
Q045	0	12nWmnlteTGv37rjBB7GQK	0
Q045	0	1DLKuppSYytOuxhtI6KBGu	2
Q045	0	1NnaMuoHPk0VpoVoDPUzBa	2
Q045	0	1PX4oulqERL0BP2bC85N46	0
Q045	0	1Q2ccC142Hvgawum66DWdX	2
Q045	0	1RQvDtxYOHbPyx8DaUlzRi	2
Q045	0	1mSxbLW7fKABfeY4lGpg0E	2
Q045	0	1tRRWHwALkD7pAuN6Qklxs	0
Q045	0	1yUm0iWD3rDf8dViBRpSkt	2
Q045	0	2A3j9jyEcH2rwQsY8seSku	0
Q045	0	2LOnYKerKwCM7tLreXGT1C	0
Q045	0	2MLAzzY4tJuqKKwMFro6q8	0
Q045	0	2gRejnfVLVjmqaJNCsAvPO	2
Q045	0	31tcBB5YOBbb0xWPvFCW9j	2
Q045	0	352FuGmGJClPjojSYjNrXG	2
Q045	0	3Rc0BGklC1QmiNIq7FeKay	0
Q045	0	3qdkx26Wg8KlvyuiAprREm	0
Q045	0	3rt9Jp71iuS8SE59sz8dSJ	0
Q045	0	3vWiMpsy2VMkKqQCtN5mr4	0
Q045	0	4Wfduo44tv8CGsoYoqb1tQ	0
Q045	0	57dVtT9QGyLku0R3nQhDjf	0
Q045	0	59ntX56WnGYW24wXanrsMC	0
Q045	0	6Pxx1pOSzuDBciAM0NKJh9	0
Q045	0	6rKpHwBRar4CgOb6HIM8kh	0
Q045	0	7isv113jboz1ADVJ4ScZ7b	0
Q045	0	7qxBghENGAGrX0uQnaVfvw	0
Q046	0	0PO7wSSVIiQvQNfbyENGhO	0
Q046	0	0nMVlpzomGVUbwHm98unRq	0
Q046	0	10cGYECUNpFbVCZUMLGP5r	0
Q046	0	19gwT9Lv36zp3UCweLiZTE	0
Q046	0	1IDozgb2HiuB31FXbUsvJJ	0
Q046	0	1RPrzKZdkzCNV0Ux0xEHg2	0
Q046	0	1i44rCFgs2E6bTW6JbRUIB	0
Q046	0	1vhatgwAKZYnrsO2nlY95h	0
Q046	0	22REa68clXZ6TEJdFx2HIS	0
Q046	0	27hUD1YdTO5dmRw0V5bOqD	0
Q046	0	2A5MjSnmQZnXXdQ63CWpT8	0
Q046	0	2NNlhZxxKBlFus3sFicqEJ	0
Q046	0	2hS9DEkYKOTJ4C36amKquD	0
Q046	0	3ITlmTf0fgkY0YLWUQzGfk	0
Q046	0	4EE1h60rvcqZRGDvflEbm6	0
Q046	0	4HNpLbGRjcL6JtXnCU5jdd	0
Q046	0	4JLk3WmaRmMmYe4HQBoz6H	0
Q046	0	4LpW33zXA6fk8tGSbNVOQ3	0
Q046	0	4zJXNAZAUKsUKZdFbRRjNO	0
Q046	0	50uEFZ86rXLP30bCtrNUFQ	0
Q046	0	5kvRICN5BBP1gyW28d01ZG	0
Q046	0	5tHaHy2Oq9ECgdwomlDscN	0
Q046	0	625QEfE4TKNkRGDMva55Pu	0
Q046	0	63cu2niWEmBV2HAbWhMZGZ	1
Q046	0	6K022fAYR1Q2BQwKfugUi3	0
Q046	0	6Npj5ItEySUyXSx2H5pSzy	0
Q046	0	6SvnamQ6WxMLfSqQ3UTMEF	0
Q046	0	7HTc2W0G9iEb4h149GxKLB	0
Q047	0	06w4jnIoML6PFpouQXRfZN	0
Q047	0	0AlpFOxGh4BNDkB3OtuHBt	0
Q047	0	0ODlZu2uJ13I29NfFJJVir	0
Q047	0	0j8nXyOr5UXWHqy0BBnZ6L	0
Q047	0	0rrniOiy14jzhsUk2iBxwP	2
Q047	0	2NKi9jqbQiijzOi6dhz4mh	0
Q047	0	2WlZuBDgLfT7Kc0admhFdg	1
Q047	0	2Y3TWwafKTqOTYucrqZih4	0
Q047	0	3jwpvjkoHxBbBwDc5zCuce	0
Q047	0	3sd2p4kE7xQmFH3lPnFl6h	0
Q047	0	3uRdOyh1259vfmCAemsjeh	0
Q047	0	4eYx3jlorPAz7qXo9husK5	0
Q047	0	5rHhO6SBSzo3E9m3KHyCtt	0
Q047	0	5xPWYpWwACR6PmqsjYdzkS	0
Q047	0	69YqoxUzLcdsXBRpZcqlsn	2
Q047	0	6ATlPZwwrCJQ09Faov1i8T	0
Q047	0	6Z59PmHDQDJxjo5UnXky6n	0
Q047	0	6bz8FVEWr58UGvj6BuG02Q	2
Q047	0	6cS0vHihdIXy77v828qYwR	0
Q047	0	71efUiJwL11CRkI5aMplsi	0
Q047	0	7kvxYGo18rWdsCtLLn5JqO	0
Q047	0	7r3wQEcoZSEBBCG7tOup3K	0
Q047	0	7t6NQYK4nqoMRjnHEYouvM	0
Q047	0	7wADmXH41O8JQRf4SRgX4w	0
Q048	0	0GiDq3uISjd88Nw0zs1L4R	2
Q048	0	0bek7IePM9EuMiDI6cGQJB	0
Q048	0	11hfs2pLRrPYH6g9ZpXbPw	2
Q048	0	1AA1n1Qpvqe7TCMU6naicU	0
Q048	0	1KdqB4iQJOjvvWETjseJWJ	1
Q048	0	1PX4oulqERL0BP2bC85N46	0
Q048	0	1dtU5c2HopUAYQeKQlg16P	2
Q048	0	1sWY5OddsZQ7sYpq6YuL48	2
Q048	0	23r1Kyn3hD7gRAgxWkW5Bb	0
Q048	0	2KfJwFYVUMCL9MO4G1wsPV	2
Q048	0	2LOnYKerKwCM7tLreXGT1C	0
Q048	0	2Px3PZ2qq2uFpRBpfVx8A5	0
Q048	0	2bDc2CMq7MMAURwnMJverx	0
Q048	0	3Rc0BGklC1QmiNIq7FeKay	0
Q048	0	3aknPOaEZ3nCsIdDReZQt6	0
Q048	0	3qdkx26Wg8KlvyuiAprREm	0
Q048	0	3vWiMpsy2VMkKqQCtN5mr4	0
Q048	0	3x1yIG3SJUhlJr4XIimJyB	0
Q048	0	4HjmD5wnu8SwypGEOdY7nB	0
Q048	0	4JbvHDrUvYR1V1692O94lk	0
Q048	0	4Wfduo44tv8CGsoYoqb1tQ	0
Q048	0	4ZKOsDXOp7eQqhIdBcuc5j	0
Q048	0	4ggO7kHApr5GEM5ihgWVVN	0
Q048	0	59bqvy4GXsmefPOomUWJKt	0
Q048	0	5D0hucIfvHIZCDfiodP8gn	0
Q048	0	5DsCl1RVwYK5hgBBDLwlKq	0
Q048	0	5FfkHl5xTBhEiK5FUnoUl7	2
Q048	0	5iTFBGI1y3HGcqE2DWd5Bf	1
Q048	0	5nAJFFQetcBa6ysyA5cmPo	0
Q048	0	6Hbm0iNODnHJxdzPUz9HIB	0
Q048	0	6MfeQnzIvzMpQlMVNopG7h	2
Q048	0	6skEVe5HyB5EB1KOU4Wf4R	2
Q048	0	6wky1KFF0YvgtrFaH4ep9r	0
Q048	0	7ezk6Fzan6hPpT6XqiJNWS	0
Q049	0	03fBjLzNCO7PfPfi1qOhxL	0
Q049	0	0l3KOttVoGQTthXMaHruLk	0
Q049	0	19mAVzo7vhfnUx41Hed1ML	0
Q049	0	1cfIZz2c1IdRvylisp4oOv	0
Q049	0	1yDCB9uHs3H5Q6Js3xjlVf	0
Q049	0	2J1yy1ybA2tLg084SK38hS	0
Q049	0	2OBzAYQUWGuTgY90TRnXMf	2
Q049	0	2W5bB80NihxUD6rWq8M7lF	0
Q049	0	2WjLc16JdLH2V6FMk8VFsZ	0
Q049	0	2lpf3Rn7xMpKlcBSQ6LAIS	0
Q049	0	2r2eNDZa4HxthZyTyuB8TL	0
Q049	0	2svPJULxCYprYlwSYxnl3o	0
Q049	0	33ofzuZUlI1cifUkR76cBZ	0
Q049	0	38hnWuoiUiQvi93te72sLG	0
Q049	0	3BrODtYyzWL8UxVI0gtWwY	2
Q049	0	3SUlzAFz9TDpwTiHMnFkZA	0
Q049	0	3p52JAuaJ2cFvbZFYFhXjG	2
Q049	0	4SIBZgMomGFnrIWjmq7Np8	0
Q049	0	4b3zlZQaDrpabJcqIo92uD	0
Q049	0	4mvHFQ5eBJaCFaenNWcI9d	0
Q049	0	4v0jSbgBROSZIZsfcs8sAL	2
Q049	0	5NHEtElVCOImOanNVntOZC	0
Q049	0	6Cy5J5Qxkl6ZGm94lpuKAP	0
Q049	0	6cvFwzez8ZbEWPTs5A0vAm	0
Q049	0	6jbbpIvIJ5n2e11yPNNgKS	2
Q049	0	6srVsMlkWhidyCm2HKDIxO	0
Q049	0	7rjtqUbaQZyyZaZEmeqAae	0
Q050	0	05dktRWVhZYKbvRsThc0qE	0
Q050	0	0Qb4PQWf2GkpKKy3lU4YOC	0
Q050	0	0V52aCefKzQy0xkeX6dSlq	0
Q050	0	0VB7hwo8UHazPVRKULksIs	0
Q050	0	0kIhdc2rN4TCBzvZ1MtVmz	0
Q050	0	0snN8Qal0wAozHXKqOvR8c	0
Q050	0	1AmvgghfKMePtlF8rpZTak	0
Q050	0	1tfvAtjN6xWsqt5OYx6tra	2
Q050	0	2AKnTIqeNvuMS9YCWHRMQk	0
Q050	0	2U2o8eV1nNakQ5h8Jkb17C	0
Q050	0	2YnuQrAfllpWxtRjh8TZ0V	0
Q050	0	2nNxtJ8Ce702sXXbVBwvW6	0
Q050	0	3CSae8JgTJA314kfZbvp1U	0
Q050	0	3DT6PksB7jmHufnbDwgHnu	0
Q050	0	3RVa7XF0m3kzUuLrpsiKXF	0
Q050	0	4O75KPtK44CLHKy7k2fHMl	0
Q050	0	55JRVOuDZzBrBwHecObTUb	0
Q050	0	5TB6hQCVrMaK3zPxr2dKkg	0
Q050	0	5a68WpFKhvJILe1D2NW5mt	2
Q050	0	5lcnjiG6a5UvpHcw5Xgwsf	0
Q050	0	68IRmXtUodEv8yYiu3Wzi9	0
Q050	0	6GGKMw9KF9sItINbIIUmCZ	0
Q050	0	6mTdYJgRwYXvMiz4RLDYSA	0
Q050	0	72h3iFRtmZSxvY2pAuIkaC	0
Q050	0	7DF3DTFQP8xUrOKxMA6ScP	0
Q050	0	7IPbsbnebaEQxVHPTnutsd	0
Q050	0	7L7tmMxwml9kNoqBGbqJt2	0
Q050	0	7n7rfMRSLcTbAHVndPmM61	0
Q050	0	7qbHkxuKbCvlcj4uCCWwqR	0
Q050	0	7r0xCT94YWeHn25IZ8vWLC	0
Q050	0	7udazmJZ9KM00wGUwTHL9s	0
